158907,THE
94156,AND
43203,ING
36437,HER
36203,HAT
30417,ALL
30024,FOR
29133,THA
28106,YOU
26333,HIS
23927,ERE
21655,ITH
21517,HOU
21328,OUR
19434,THI
19247,ENT
19088,NOT
18938,TER
18772,SHA
17921,ORD
17891,ILL
17726,WIT
17188,HAL
17012,EAR
16562,THO
16471,AVE
15503,ERS
14503,VER
14305,UNT
14228,ION
13936,ESS
13509,NTO
13506,HIM
13448,GHT
13150,LOR
13130,EST
12966,ATH
12356,COM
12072,MAN
11981,HEN
11858,BUT
11818,ARE
11397,NCE
11133,AIN
11055,WIL
11029,ONE
10968,OME
10955,ORE
10740,IGH
10534,HAV
10465,TIO
10425,KIN
10351,EVE
10253,HEA
10241,INE
10208,HEY
10180,IVE
10042,OTH
10020,ELL
9812,HIN
9783,REA
9781,HEM
9618,OVE
9609,THY
9435,AST
9391,HAN
9304,NES
9300,AKE
9162,ONS
9100,WHE
9068,OUS
9046,MEN
9041,OUT
9039,RES
9000,WHI
8985,RIN
8827,ETH
8753,ART
8609,ATE
8571,HEE
8537,ANT
8519,NOW
8438,ICH
8427,ATI
8361,OUL
8348,ROM
8300,EAT
8284,WAS
8123,WOR
8014,ARD
7893,CON
7731,AME
7690,VEN
7689,LES
7665,OUN
7663,UGH
7627,USE
7567,STR
7527,WER
7344,SON
7335,HIC
7302,SHE
7256,STA
7203,IES
7180,PRO
7154,NTE
7143,OOD
7053,OLD
6979,STE
6977,FRO
6975,UND
6901,ULD
6757,DER
6685,TED
6667,ORT
6652,INT
6647,HEI
6612,RED
6580,SAI
6543,BLE
6449,IST
6440,NDE
6437,EIR
6430,OWN
6418,END
6222,AID
6216,WHA
6127,GOD
6087,PER
6039,INS
5967,LET
5856,EAD
5840,PLE
5832,OSE
5758,RIE
5736,IND
5677,OUG
5669,MOR
5662,HES
5649,WHO
5627,MIN
5621,ACE
5606,SEL
5603,TIN
5596,NGS
5520,CHI
5441,TEN
5408,ANS
5398,EAS
5385,RTH
5376,EFO
5372,ONG
5348,WEL
5344,LEA
5337,CHA
5309,LAN
5286,LIN
5273,REN
5221,SEE
5218,TTE
5191,PRI
5185,RAN
5183,ROU
5112,ENE
5098,ASS
5087,ENC
5040,ERI
5024,HOL
5002,ANC
4986,PON
4971,SHO
4955,IDE
4934,MON
4933,HAR
4899,DES
4891,OST
4872,TES
4825,SAY
4816,TRA
4810,HIL
4783,STI
4782,SPE
4765,URE
4755,NGE
4731,COU
4727,UCH
4726,PAR
4713,ESE
4697,SER
4641,UPO
4630,DIS
4627,ICE
4596,GRE
4542,BER
4516,SIN
4514,WAR
4500,INC
4497,EEN
4475,ISH
4473,HAD
4456,SEN
4383,CES
4358,ITE
4352,UST
4333,PEA
4278,PRE
4266,THR
4261,ISE
4230,REE
4211,KNO
4210,ECT
4203,LLE
4201,GAI
4173,LED
4164,TRE
4158,TUR
4156,ITY
4133,NST
4131,ERY
4122,DAY
4119,NTS
4119,VES
4116,AGA
4083,GOO
4077,CHE
4074,RET
4052,TLE
4043,ANG
4034,DRE
4029,SES
4015,LOW
3993,WAY
3973,LOV
3962,TRI
3935,DIN
3912,ELI
3904,RIT
3902,CAN
3902,ERV
3890,ALS
3877,RON
3859,HOS
3855,OOK
3853,TAN
3837,BRO
3827,SSE
3827,HOW
3825,TRU
3820,PLA
3820,LOO
3814,ILD
3808,URN
3805,ALT
3787,MAR
3786,TIM
3763,OFF
3749,ANY
3739,NDS
3726,RSE
3719,URS
3702,RAT
3691,ADE
3668,ARI
3666,STO
3662,GIV
3644,TRO
3638,SIR
3628,IME
3603,LLO
3559,NTI
3556,MAK
3551,ORS
3548,DEA
3547,EED
3543,MAD
3538,CAL
3532,TON
3527,RIS
3513,AGE
3480,ARS
3477,IKE
3477,ROW
3458,CAM
3417,NED
3406,FAT
3406,TOR
3404,IAN
3384,ICK
3382,WOU
3372,GRA
3367,FUL
3326,MAY
3322,MER
3286,EAV
3283,BEA
3282,RDS
3267,ELF
3238,SSI
3235,HAS
3220,COR
3216,FIR
3216,REF
3211,TAK
3203,LIK
3175,RAI
3167,LIE
3165,LIV
3161,NAT
3146,DID
3136,EAK
3136,DOW
3132,EEP
3108,TOO
3102,GEN
3098,ARR
3073,SED
3061,ALI
3060,NIN
3060,FFE
3058,ALE
3042,IRE
3033,ENS
3010,SWE
2999,NOR
2985,ILE
2975,GER
2973,OND
2973,BRE
2971,ACH
2949,LEN
2939,RAC
2936,NER
2931,OMM
2923,LON
2922,RST
2910,SHI
2874,ITI
2868,MES
2868,SOM
2867,AIT
2846,EET
2842,LAC
2835,FER
2831,TIL
2825,ONT
2821,INK
2820,BEF
2818,EOP
2809,MIS
2804,DIE
2799,AEL
2799,ABL
2798,ORN
2786,HOR
2782,DED
2778,ATT
2777,SIO
2770,TAI
2757,IFE
2745,IED
2731,OWE
2709,HEL
2708,MOS
2693,AUS
2692,SUR
2691,HAM
2668,ISR
2655,ACK
2655,IEN
2637,RAE
2631,CTI
2623,WIN
2619,SRA
2579,BRI
2577,MUS
2575,IUS
2573,ERT
2567,RIG
2566,REC
2561,QUE
2561,YIN
2558,DEN
2555,EME
2553,AYS
2549,ERA
2540,OPL
2538,ROS
2537,STS
2532,SAL
2524,BRA
2521,PAS
2514,ANI
2511,CAU
2510,FAI
2502,BOU
2495,PEO
2483,APP
2482,LOU
2474,OLL
2471,PRA
2467,RIC
2467,CAR
2461,FTE
2459,BEL
2452,YET
2447,VAN
2443,SID
2442,TCH
2439,TIS
2437,DON
2437,AIR
2434,ELE
2428,ONI
2423,IRS
2418,ERC
2416,ABO
2410,BET
2400,CLE
2396,POS
2394,RUS
2391,AVI
2391,REM
2388,VIL
2386,RIA
2380,ILI
2374,ITT
2373,SAN
2359,ROT
2358,LLI
2357,CAS
2351,MOU
2350,ARM
2346,HUS
2345,ERN
2342,QUI
2339,FOU
2335,ENG
2330,RNE
2328,ANN
2325,WEE
2322,ETT
2311,THU
2309,HTE
2305,LAT
2303,OCK
2297,UTH
2295,EAC
2293,OMP
2292,KEN
2290,ASE
2281,BUR
2273,SOU
2270,CEN
2265,ULL
2264,SUC
2262,EAN
2258,ORK
2253,VIN
2253,LIT
2246,GAT
2236,UTE
2228,INI
2226,LIS
2216,WEN
2211,EVI
2204,AWA
2199,EIN
2198,HON
2196,HRE
2195,FAL
2193,EHO
2186,NAM
2185,AFT
2184,IER
2180,MBE
2172,TIE
2159,TAR
2158,CIT
2145,LEM
2141,TIC
2135,LAI
2133,INA
2130,OKE
2128,AUG
2121,SET
2119,HRO
2118,SPI
2113,TEL
2104,BEC
2101,LIF
2098,BLO
2094,KED
2089,PEN
2086,ELS
2085,CAT
2078,ARK
2072,TAL
2057,EYE
2051,LDR
2050,JUD
2047,TAT
2036,LVE
2035,BEH
2034,HOM
2027,MAS
2026,NTL
2025,ISS
2021,NOU
2014,SOL
2008,LIA
2002,REP
2000,LLY
1990,RIB
1980,ETS
1972,BES
1972,RAY
1971,CRE
1971,NTA
1968,ECA
1968,EAL
1947,HED
1946,PUT
1943,ECO
1936,FEA
1935,ETE
1906,USA
1903,NIG
1896,ACC
1894,OIN
1891,IGN
1889,EDI
1888,FIN
1884,LSO
1878,PHE
1869,VED
1867,FIE
1864,ANO
1861,LAD
1860,GET
1849,MET
1849,YES
1844,CLO
1839,ECE
1837,BAN
1825,NIS
1825,ICA
1825,YEA
1824,OWS
1803,LAS
1801,ELY
1788,LAY
1787,VID
1787,WHY
1782,URT
1780,EIG
1774,AYI
1773,EIT
1769,BAR
1768,LDE
1766,HIT
1764,ITA
1764,GUE
1762,LIG
1760,ATS
1760,EMA
1759,RVA
1758,MEA
1755,OMI
1754,AMO
1753,EMB
1750,MAT
1748,MED
1748,RCH
1748,ELD
1746,OPE
1745,OLI
1738,RGE
1736,ROP
1736,SEA
1735,NNE
1733,LAR
1732,ERO
1732,NSE
1732,ONA
1720,DEL
1720,MOT
1719,AIL
1715,CKE
1715,CRI
1714,ASH
1710,ORR
1709,WEA
1705,LLA
1703,GLO
1701,OMA
1699,MSE
1698,ACT
1697,UNC
1696,IVI
1692,FOL
1690,RDI
1687,IOU
1686,JES
1680,TWO
1672,OOR
1669,RDE
1668,GES
1666,TTL
1663,BIT
1662,WIS
1659,FRI
1652,POR
1648,NTR
1648,RTI
1646,MIG
1645,CAP
1644,RTE
1642,MIL
1641,ITS
1638,WAT
1638,GIN
1636,ORI
1634,CER
1624,GAR
1615,ARA
1614,SPA
1608,OTE
1608,NDI
1604,RRI
1603,ROV
1602,KES
1599,SPO
1597,DGE
1596,NCH
1593,ONC
1593,NON
1593,OLE
1589,FOO
1588,PAT
1586,WOM
1584,ENA
1581,ORL
1580,ARG
1580,RRO
1578,UIT
1575,AMI
1575,ONO
1569,EMI
1567,MPE
1566,HIP
1565,CLA
1564,SIT
1561,OSS
1552,REO
1551,CUR
1548,BOT
1546,WAL
1544,SCA
1542,LER
1539,DAN
1539,IEL
1537,DOM
1530,UNG
1525,EXE
1523,PIN
1519,ESI
1518,AFF
1515,REI
1514,PUR
1509,ARC
1508,SIG
1506,ALA
1506,RVE
1503,REL
1502,MUC
1499,PPE
1497,TAB
1497,RNI
1496,DEE
1490,TLY
1488,IAH
1480,GRO
1479,EMP
1479,SEC
1477,ADY
1476,URI
1472,TWE
1471,SUS
1471,MPL
1471,FRA
1469,NGL
1461,PET
1459,IAL
1458,TIT
1456,ALO
1455,EPH
1453,ISC
1452,ORM
1445,BAS
1443,DAR
1442,LUS
1441,SCO
1439,ANA
1435,USI
1434,ABI
1434,IZE
1433,ERM
1425,RAM
1424,MMA
1423,MIT
1413,LIC
1413,DST
1411,SLE
1410,RTA
1409,NIC
1409,FIC
1408,NEV
1406,REW
1406,HUN
1406,OOL
1406,ESU
1404,LLS
1404,UMB
1401,RRY
1401,UKE
1399,NEW
1398,FLE
1395,NDA
1395,COL
1393,NEI
1391,ANK
1389,ELV
1387,CRO
1387,TEA
1386,MAI
1385,BOR
1382,SCE
1380,RIO
1380,LOS
1376,OUC
1376,IMP
1374,FLO
1369,FAC
1368,LAM
1367,CKS
1364,IMS
1357,NDR
1356,ESH
1356,ATU
1353,UFF
1352,NNO
1351,CEI
1349,MME
1349,DOT
1348,BEE
1348,ARY
1345,EGA
1344,IFT
1343,PIR
1342,OLO
1342,BEG
1341,BEN
1340,FAR
1339,NLY
1323,UES
1323,IRI
1318,ESP
1316,CHO
1314,UCK
1314,SWO
1312,ULT
1311,ENI
1311,HIR
1310,OOT
1309,DRI
1309,ARL
1307,RAV
1305,PIT
1301,KEE
1298,ADA
1294,HIE
1291,DAU
1291,RLD
1289,DRO
1288,NIO
1283,HET
1282,JER
1282,ROO
1281,SOR
1278,LOT
1278,NAN
1278,PIE
1277,FRE
1272,OIC
1270,IFI
1268,AUL
1268,CCO
1265,LEE
1265,RUT
1263,ICI
1262,ERR
1257,RIV
1256,VAL
1255,EPA
1254,ORA
1254,DUK
1253,REV
1252,RAL
1249,HRI
1248,OPH
1245,EXI
1245,SLA
1237,NIT
1236,PTI
1236,EPT
1235,MAL
1234,CUS
1232,DRA
1232,IEF
1229,NSW
1227,TOW
1226,SIC
1224,GON
1223,IDS
1221,UDG
1220,DAM
1217,ARO
1216,ERL
1214,CIA
1213,ECH
1211,NEE
1210,EEK
1209,ERD
1208,NAL
1206,RTS
1204,TOL
1199,ILT
1199,UEE
1195,KNE
1193,RUE
1192,AMA
1188,PAN
1185,THS
1184,TUS
1182,FEL
1180,MEM
1179,NET
1179,TIV
1178,APT
1177,AMB
1175,LUC
1173,RTU
1173,LAW
1173,HIG
1172,LEC
1171,ALK
1171,VIC
1170,WIC
1168,RAS
1167,LAU
1166,KET
1164,ASI
1164,SIL
1163,RUM
1163,WIF
1162,RMI
1162,DEC
1161,RCE
1157,ERU
1154,APE
1151,HUM
1150,TIA
1149,NOB
1148,IEV
1147,OGE
1147,DAV
1147,EUN
1146,ROA
1145,ATC
1144,UTI
1144,BEI
1140,EIV
1139,YSE
1138,OLY
1134,NTH
1133,UDE
1127,SAR
1127,UCE
1125,BLI
1125,PED
1123,QUA
1123,POO
1122,POI
1121,EOF
1117,PHA
1115,LSE
1114,SSS
1113,ODS
1112,ETI
1109,PHI
1107,GOL
1102,EES
1101,COV
1100,HAP
1099,AIS
1098,RRE
1095,ABE
1093,DLE
1092,OLA
1091,OBL
1090,ISI
1089,VIS
1088,TEM
1087,SAM
1087,EER
1086,RAG
1083,BED
1083,EMO
1081,NCL
1080,BAT
1080,VEL
1077,REG
1076,OIL
1069,MPA
1066,COP
1064,BAC
1063,DNE
1063,LOC
1062,IBU
1062,IBE
1061,MAC
1058,CHR
1058,KER
1058,INN
1057,IRT
1055,GLA
1054,ROC
1052,DEM
1051,ATO
1048,CEL
1042,OON
1042,EDE
1036,GED
1036,ROY
1035,XEU
1033,SUB
1027,ELO
1026,ITU
1024,OAT
1024,SEV
1022,RVI
1021,XIT
1020,ERF
1020,CUT
1019,SAW
1018,HOO
1017,ICT
1016,GRI
1014,MBL
1013,OES
1012,NGU
1011,ORY
1009,EXT
1007,ONF
1004,IMO
1003,AYE
1002,UIL
1002,NSI
1002,MEL
997,UDA
996,FIL
994,ILY
993,HOP
990,NEY
986,AMP
981,NEA
978,BUS
977,RME
977,UNS
976,ASU
976,WRI
974,EEL
974,UNE
974,ESA
971,CRA
969,RSH
968,AUT
968,BLA
967,RNA
965,EEM
964,SCR
963,RIF
962,ADS
961,ELA
960,RID
960,EXC
957,DEV
955,ENO
955,WED
954,SSA
953,TOM
949,FEE
946,ONL
941,FFI
941,DLY
940,DIC
937,EWE
936,PAL
936,IRD
936,ORG
935,TEE
933,RUN
930,VOI
924,TIF
923,ADO
922,ADI
922,ETU
919,RER
917,NCI
914,EON
913,ISO
909,NDO
908,TRY
908,OUD
907,POL
906,SAV
905,NIA
903,NGR
900,EDS
900,JEC
899,OUB
899,RCI
898,OIS
898,EOU
897,ARN
896,DAH
896,ETR
894,ODY
892,RKS
889,ESC
886,TOG
882,ISA
881,ASO
878,HUR
873,VOU
872,UMP
872,DEP
870,CIO
869,TTI
869,UBL
868,UAR
868,HAI
868,GAV
867,BAL
866,RSO
865,SAT
861,AGO
861,ONY
861,BON
860,BID
860,CTO
860,NEM
857,LDI
855,RUC
855,TUN
854,ERG
852,ULA
852,RAB
851,GLE
851,OWL
849,TNE
848,ASK
848,MYS
847,EWS
847,DIT
847,URD
847,POW
845,NGD
843,GEL
843,YPT
842,RAW
842,LDS
842,DWE
841,NKS
841,URA
840,FEC
839,FLA
838,ISM
838,KIL
838,OVI
837,OTT
837,OPI
836,HTS
835,UTT
835,PAI
833,DIA
831,EMS
830,BOO
830,PLI
829,OWA
828,UAL
826,UME
825,GYP
822,OBE
821,LIO
821,PEC
817,EGY
810,ISP
808,SIS
804,BOD
803,USH
801,STL
800,GUI
796,TEO
795,RAP
795,ORC
794,ATR
793,MAG
793,STU
793,VIT
791,PEE
787,HAB
787,NIE
785,RRA
785,MID
783,EQU
783,STY
783,JUS
779,AMS
779,EDG
779,EAM
776,FEN
774,INF
774,SUF
773,ILS
772,LEG
772,ALM
772,SHU
772,SUP
768,CIN
768,TOU
765,WOO
765,NTY
765,INH
763,JOH
761,LIP
757,EGE
756,LEO
755,IET
752,EPE
752,DEF
750,IMA
750,MUL
750,SPR
748,ANE
748,LST
747,EXP
746,RSI
743,SUN
743,BOA
743,DET
743,BOY
740,LOG
740,CED
735,RLA
734,SAC
734,EFT
734,FAM
733,OHN
731,APH
731,ENR
731,ROL
730,LIB
730,WRO
726,ECK
725,AES
725,VET
724,AIM
724,LEF
722,ROK
721,TYS
721,SNE
719,RAH
719,RMA
719,IDI
719,OMO
718,AHA
718,RLY
718,ISD
717,SAU
717,ULE
714,OTS
713,AKI
712,PHO
712,LTI
712,FIG
709,RLE
708,RMS
708,SMA
707,DOU
707,TAG
707,PIS
706,OAD
706,VIR
704,CUL
702,NGT
702,PES
701,WAN
701,IOL
700,ODE
699,BRU
698,CKI
697,GAL
697,NOI
696,UCI
695,ESO
695,RDO
694,IPS
690,DDE
690,MMO
689,IPP
689,PPO
689,SCI
688,NAS
688,URY
688,SUM
688,RUL
685,IAT
685,ROB
683,CAE
682,UNI
682,REB
681,FES
680,OPP
679,ADV
678,FUR
677,CTR
677,RTY
676,CKL
675,LEV
674,AGU
673,NIU
673,CIE
670,RUI
669,DIV
667,ELP
666,MEE
666,EAU
666,NAY
666,EFU
665,JOI
664,NNI
664,ROD
664,LTE
664,FIT
662,HYS
662,RIP
662,NCO
661,ACI
661,IBL
660,MUR
660,CLI
660,EPI
660,JOY
659,EEC
658,EGI
657,PAK
656,TOP
656,YRI
654,AVO
653,RYS
653,HID
653,JAC
652,OFT
651,RIM
651,NAC
651,INO
646,BIL
645,MPT
642,WES
642,DUC
640,IAS
640,LAB
640,ERP
640,CTE
639,UPP
638,DOO
636,SEM
636,PIL
636,TET
635,OSI
634,GME
634,GTH
633,BOL
632,NRY
631,NDL
631,HEW
630,RIL
630,ILV
629,GAN
628,NUM
628,FAS
627,SEP
625,IRA
625,MOV
625,TAF
624,TAY
623,OLS
623,MIE
623,ETC
622,SMI
622,YED
621,IAG
618,ABR
618,YOR
618,XCE
618,URP
617,NAR
617,RAR
616,EBA
616,FLI
615,SLY
614,ITO
614,ELT
614,MOO
613,AUD
612,LIZ
612,CLU
611,DOS
611,HOT
610,VOL
608,OLU
608,RKE
607,LOA
607,OAR
606,DOL
605,ARB
602,ECI
602,IFF
602,WON
601,SBA
599,UTU
599,NCT
598,SCH
598,RAD
598,HAK
598,VIO
598,UEL
598,MMI
598,PPR
597,ACR
597,LTH
597,RNS
595,ETW
595,TUD
593,BUL
593,JOS
592,DUL
590,CEP
587,ICS
587,ALF
587,PTA
587,UCT
586,EWI
584,BAB
584,BIN
583,NFE
582,GOT
581,GDO
580,BOW
580,SKI
580,LEW
579,EPR
578,ABB
578,OTI
577,LAG
577,TWI
576,CRY
576,UNK
576,NSU
576,DOE
576,IAM
576,USB
575,RIU
575,URG
575,ECR
574,IQU
574,SYR
574,VIA
574,PAG
574,POK
572,AFE
571,ACL
570,RCY
570,RCU
569,SAK
568,TAS
568,AUN
568,WAI
566,SWA
565,ADD
565,INU
565,HTY
565,DIO
562,ERB
562,DGM
562,BUI
561,LCO
561,HEC
560,OSP
560,SMO
559,NGI
559,NDM
558,ELC
557,TUA
556,LIM
556,USN
555,YER
555,ITC
555,JEW
553,SIE
552,EBE
551,ZAR
550,ACO
550,LEY
550,NQU
550,OYA
548,NBE
546,USS
544,CRU
544,LTA
540,LUT
540,LLD
537,CTS
536,RGI
535,NDU
535,EVO
534,TIR
533,FFO
533,SOO
532,LOM
531,SIM
530,GLI
530,OSO
528,MIA
527,IPL
527,RWI
527,BUC
527,POU
524,REY
524,ECU
523,UDI
523,VAT
522,NUS
522,UTS
522,HIO
521,KIS
520,NEN
519,CIS
518,OMS
518,OOS
518,OWI
518,IDO
517,NTU
515,IBI
515,MPO
513,OOM
512,GNI
512,NVE
511,ALD
507,EMN
507,OMB
506,AMM
506,IFY
505,NHA
505,EFE
503,ZED
502,TWA
501,ETA
501,SOE
501,ULI
501,NFI
500,PUL
500,UBI
500,OER
500,VAI
499,OCE
498,SAB
496,CTU
496,NFO
496,RPO
496,KAT
496,RFE
496,TIZ
494,BLY
494,POT
494,CIP
493,UIC
493,FIV
492,ULS
492,ROF
492,ENB
492,UTY
491,PPI
491,ASC
491,OKS
491,UIS
491,GUT
491,EAP
490,PEL
489,TIP
489,RIZ
489,MIO
488,CHS
488,OEV
487,ABS
487,SSO
486,GUA
485,UMS
485,EBU
485,YRA
483,BIA
481,EHE
481,LAV
481,PIC
481,SSU
478,KLE
477,AAR
477,EYS
476,EWA
475,IAR
474,TAM
474,MIR
474,DRU
473,OPS
473,APO
473,OSA
473,IMM
472,CHU
472,DWA
472,GLY
471,EXA
471,RGA
469,GHO
467,MBR
467,EUS
467,AGI
466,LUM
466,ARW
465,OMF
465,MIC
463,ODI
462,EVA
462,OLK
461,OSH
460,IZA
459,SKE
459,OBS
459,GGE
459,FRU
458,CIU
458,DAT
458,DME
457,SAD
457,EPO
457,EFI
456,EDO
456,USL
456,ROJ
455,COB
453,ILA
452,YLO
452,UNN
452,GIL
451,NHE
451,NEC
450,YAL
450,URR
450,OJE
449,CCE
449,BIR
449,PHR
447,NCA
447,OPA
447,TTA
447,NKI
447,IEC
445,AGG
445,PAC
445,RMO
445,ARV
444,COA
442,DOR
441,PPL
441,PLO
440,AER
439,IDA
439,SIX
437,SUE
437,PLU
433,ABA
433,KEL
432,ONV
431,ALV
431,ARP
431,SLI
430,ATA
429,ENN
427,ARU
426,LLU
426,ZEN
425,ZIN
425,ASA
425,MFO
425,RFO
424,ROG
423,LUD
423,BLU
423,CEE
422,WNE
421,IMI
420,COS
419,LYS
418,NSO
418,FAN
416,SIA
415,JUL
415,RNT
414,NKE
413,CEA
413,REJ
412,FLY
412,UBT
411,GNE
411,NIF
411,GOE
409,IRR
409,ROI
409,DIG
408,UNL
408,SHD
407,RDA
407,ORO
406,ANU
406,NEL
406,RSA
405,EPS
405,ROR
405,RWA
404,IRC
403,OAS
402,ETO
401,ALB
401,HRA
401,OCT
400,BOV
400,APS
399,WLE
399,DOG
398,URC
398,EDW
397,UIN
397,ERW
396,ABY
394,FET
394,PAU
394,SAF
393,EDA
393,SQU
393,IDD
393,LUE
393,TUT
392,CIL
392,KNI
392,SHR
392,FIF
391,ALU
390,AZA
390,NCY
390,ILO
389,BAD
389,TTO
388,DAI
387,IVA
387,NOC
386,FAU
386,CCU
384,SCU
384,CUM
384,JEH
384,FFL
384,OPY
383,ITN
383,WRE
383,PYR
382,IPE
382,INV
381,RLI
381,REH
380,UMM
379,WRA
377,DUR
376,BEY
376,OYE
376,LCH
376,OAC
375,POM
375,ULY
374,DAB
374,NGH
374,RPE
372,WAK
371,UIR
371,ZES
371,BUN
371,SUI
370,YST
370,WID
369,CUB
369,ENL
369,RSU
368,NNA
368,AVA
368,NIQ
368,LUN
367,CIR
367,IPH
367,SIB
366,BSE
365,ACU
365,IGE
365,WNS
365,NOS
365,IUM
365,RUP
365,XPE
364,NLE
364,HBO
364,MAJ
363,GHA
363,OOP
362,EGR
361,AKS
360,ZER
360,DUS
360,OBA
360,SDO
356,IOT
356,OET
356,EJO
355,HAZ
355,NAV
355,UDD
352,FLU
351,IRO
351,AGR
351,LEP
351,BOS
351,REQ
351,WEI
350,OOF
349,HIB
349,FUS
349,OAB
348,HNE
347,API
347,IOR
347,AWN
346,URB
346,ICU
346,ORB
346,PAY
346,SPL
345,AJE
344,DDL
344,SWI
343,HEB
343,KLY
342,GEO
341,TEP
341,TEX
340,EZE
338,ABU
338,RFU
338,RUD
337,SMS
337,YON
336,DDI
336,HME
336,ALC
336,IMB
336,PPY
334,IRM
333,FIS
333,FAV
332,NAB
332,ASP
332,EKI
332,TSE
331,BJE
330,UBS
329,CUP
329,CHD
328,OCA
328,VIE
328,MOD
326,IXT
325,LPH
325,BYL
325,UEN
325,MPR
324,OGU
324,ECL
324,WOE
323,BIS
323,LBO
323,EDN
323,SEH
322,MBA
322,CHM
322,EMY
321,DAL
321,DOC
321,UPT
321,LKE
320,IBR
319,AWS
319,AZE
319,JAM
319,JOU
319,TUE
318,SHM
318,OWD
317,DIR
317,NAI
317,NUR
316,BBE
316,OCL
316,HFU
315,CTA
315,RUB
315,OGR
314,HUA
312,IGA
312,AIA
312,HEP
312,PLY
311,LOD
311,IFU
310,CAI
309,AFR
309,UNA
308,DEB
307,MOC
307,RGO
307,NEX
307,PUN
306,AIG
306,STH
305,ISL
305,GHB
304,MUN
304,NCR
304,OAM
304,SSD
303,TFU
302,RBE
302,ENJ
302,NSC
301,RAO
300,EBR
300,ODD
299,LEX
299,GNA
299,GIS
299,EPU
299,OGI
299,ADM
297,ETY
296,RBI
296,GIR
296,YAR
296,IEU
295,OVO
295,KEP
295,ACB
294,OLT
293,DIL
293,AMU
293,AVY
293,GOI
293,CBE
293,VOW
293,SGR
292,EKE
292,WET
291,UPE
291,KNA
290,BBA
290,TID
290,LTS
290,ILU
289,REU
289,EFF
289,NVI
289,AOH
289,THF
287,PPA
287,COT
287,TEC
287,OYS
287,UMI
287,EPL
286,ONN
286,OBB
286,SIV
285,DVE
285,RAF
285,FID
284,ADR
284,ESD
283,YTH
283,NLO
282,GAM
281,DYS
281,UMA
281,FAE
280,EHA
280,EDR
280,MPH
279,LAH
279,TAC
279,OCC
279,EGG
278,HMA
278,LMO
278,JOR
278,SLO
278,SNO
278,SUL
278,BST
278,SOV
278,CKD
277,RIK
277,UBE
277,IEG
277,PHY
277,SAG
277,LTY
276,RBU
275,GOS
274,SNA
272,NAP
272,TYR
272,SIU
272,JUR
272,SME
272,UTO
272,IRL
271,UOU
270,FTS
270,RRU
269,LVI
269,UBB
269,IPT
268,VAR
268,IZI
268,QUO
267,ADL
267,ISB
267,RPR
267,LNE
266,RNO
266,OAN
266,OVD
265,NAH
265,TUM
265,NSP
265,MOA
264,UER
264,TOS
264,APA
264,OHI
264,TEU
263,NIZ
262,IGO
262,RBO
262,HUT
262,YIE
261,RTL
261,DUE
260,BAP
260,MBI
260,NJU
260,DIF
260,TOB
260,EHI
259,CAD
259,ODA
259,LID
259,ISF
258,DAS
258,KIA
258,SDE
258,FTY
257,PID
257,EBO
256,COW
256,ERH
255,COC
255,PTE
254,EDL
254,RND
253,GIF
252,GHE
252,TOC
252,DSH
252,ROH
252,MUT
252,ODL
251,ADN
251,TLI
251,SEB
250,MOL
249,NAG
249,NFU
249,EUR
249,JOA
248,ICO
248,LIU
248,LOY
247,RKN
246,ENV
246,UCC
246,BBL
246,SPU
246,MEO
245,NOM
245,UED
244,NGA
244,GNO
244,HOI
244,LEB
244,GOV
244,UBJ
243,GOR
243,MPI
243,MPS
243,TST
243,PUB
242,OPO
242,LVA
242,SBU
242,OTA
242,YME
242,SOF
242,SUD
241,BOM
241,FED
241,TME
240,UTA
240,MBS
240,ODO
239,LAP
239,OBO
238,KST
238,DUM
238,NME
238,GGA
238,GRU
237,DUN
237,FEI
236,OLP
235,EDD
235,UDS
235,EAG
235,DUT
235,UPH
235,NUA
235,ACD
235,ENU
235,XEN
235,AMN
234,GIO
234,NAK
234,COO
234,GRY
234,IVD
233,THL
232,GEA
232,ZAT
232,AZI
232,TTY
232,CKN
232,TAU
232,UID
231,GGI
231,HLE
231,RTR
231,UIE
231,UAT
231,EEI
231,HLY
230,RBA
230,ORW
230,OLV
230,WIV
230,PAP
229,OCH
229,RGU
229,RLO
229,EKS
229,NEG
229,MAH
229,HTI
229,WNL
228,UMO
228,GIA
228,IGG
228,OKI
228,ILK
227,MOG
227,KIE
226,LOP
226,TIG
226,URL
226,UNF
225,GUN
225,ADU
225,EAF
224,NCU
224,IRG
224,SUA
224,DOI
223,OID
223,RAK
223,IGI
223,ULN
222,CID
222,JAH
222,NGB
221,MNA
220,PEY
220,ARF
220,OBI
220,MRS
219,HOE
219,ORF
219,UGG
219,XEC
218,GUS
218,OTO
218,IDG
218,OBY
218,WOL
218,NUE
218,ALR
217,CCA
217,AQU
217,DRY
217,SOC
217,TOD
215,DLI
215,WAG
214,SSY
214,NKL
214,NAA
214,EGO
214,DMI
214,OGS
214,OFI
214,RDL
213,NIM
213,EFA
213,NNY
213,ITL
213,ICL
213,OFE
213,GHN
213,IDL
212,EIS
212,ESY
212,LIL
212,UNB
211,GHS
211,KEY
210,FFS
210,BAA
210,GOA
210,DIU
210,TAV
210,ISG
209,HIA
209,IJA
209,NUT
209,TSO
209,UNR
209,LKI
208,LWA
208,CIF
208,ORP
208,RBS
208,NDN
207,NDY
207,RCA
206,INL
204,YSI
204,GIB
204,NSG
203,HAU
203,NJA
203,NWA
202,AHI
202,JON
202,CKO
202,RMY
201,AAN
201,GIE
201,IOS
201,CQU
201,SEY
201,DMA
201,GUR
200,HST
199,AEN
199,AGN
199,CET
199,FUN
199,EGU
199,TUO
198,ENY
198,JEA
198,EOV
197,AUR
197,TOT
197,YAN
197,DVA
197,BUY
196,UPI
196,MLE
196,EDY
196,PTU
196,XTR
195,VAS
195,MAZ
195,SKY
195,ODG
195,NLI
195,ACQ
195,RYI
194,DVI
194,NEB
194,LFI
194,EDU
194,EOR
193,LOI
193,ANQ
193,XTE
193,MPU
193,EWO
193,OCU
192,AAL
192,DIM
191,IBA
191,NSH
191,DAG
191,AYD
190,SEI
190,MNI
190,UMU
189,ULC
189,UAD
189,RTO
189,MST
189,BBI
189,OGY
189,LRE
189,OWB
189,UPR
188,NSA
187,CAV
186,POC
186,NAD
186,SAP
186,UPS
186,PPD
185,IGU
185,MMU
185,VOR
185,HAH
185,RKI
185,LYI
184,IAD
184,CAB
183,IAC
183,ATN
183,OWR
182,ULF
182,GGL
182,EDM
182,STM
182,HRU
181,ALW
181,HOB
181,SHY
181,GIC
181,UNW
180,GAD
180,HYP
180,PEM
180,GBR
179,TAP
179,SPH
178,LEI
178,ZZA
178,UET
178,HWA
178,ZAB
178,UZZ
178,USD
178,LUR
177,RHE
177,GUL
177,TMO
177,THW
177,WAV
176,CYS
176,ULO
176,SYN
176,LKS
176,UNP
175,OCR
175,AXE
175,OUP
175,HOD
175,MUE
175,TBO
174,UTL
174,MBO
174,UPL
173,GAS
173,WLS
173,ZIO
173,DFU
172,BIO
172,NGO
172,DEG
172,VOK
171,AAC
171,NAU
171,SHS
171,PUC
171,IXE
170,MNE
170,UAI
170,TUB
170,NFA
169,TLA
169,APL
169,HEZ
169,POP
169,RCO
168,UGE
167,BIG
167,ACA
167,CEM
167,EAB
167,WFU
166,AUC
166,YMB
166,VOC
165,HAG
165,IEW
165,ENF
165,OCI
165,FEW
164,BUD
164,ACY
164,DOV
164,XED
164,OXE
164,III
163,IDU
163,PRU
162,SFI
162,EYA
161,MCI
161,EGL
161,HTL
160,CUN
160,GNS
160,NJO
160,USU
159,BAG
159,BIM
159,RDR
159,LME
159,GST
158,AJA
158,UAN
158,VIU
158,THD
158,RMD
157,ELM
157,FOE
157,STB
157,OGG
156,YSS
156,PIA
156,XES
156,ZEB
156,LGA
156,HEK
156,AWE
156,RPL
156,EDF
156,IAB
155,ATL
155,YEL
155,ZEK
155,UMC
154,AGS
154,EUT
154,OHA
154,SDA
154,NSM
153,JUN
153,PUS
153,KEW
153,ASY
153,ANL
152,IPA
152,UBU
152,UTR
152,KIR
151,IVO
151,EFR
151,SLU
151,OKD
150,IBB
150,HUB
150,UTC
150,LOF
149,SBY
149,RHA
149,EYO
149,OAK
149,USP
148,ALP
148,NOO
148,DTH
148,EWD
147,SOP
147,CYM
147,VEY
147,TEF
147,WIX
146,UMN
146,FFA
146,DEW
146,KLI
146,GEM
146,LDY
145,AHS
145,SAS
145,FAB
145,HOA
144,UCA
144,AWF
144,XCU
143,ALY
143,BAI
143,AML
143,CEF
142,UNH
142,GOB
142,SAA
142,HTH
142,SOW
141,YDR
141,LVO
141,WAX
141,NFL
140,HYL
140,NYS
140,ONQ
140,AUF
140,GAG
140,AIU
140,EBL
140,OZE
139,MNO
139,HAC
139,ZZI
139,IRY
138,RPI
138,NLA
138,IZZ
138,POE
137,ASD
137,NYT
137,IOM
136,RAZ
136,URV
136,GMA
136,ERK
136,GAU
136,INY
136,RUG
136,FTH
135,LTO
135,VOS
135,NYM
135,EGS
135,HSA
135,FEU
134,OGA
134,BUK
134,TIB
134,OSD
134,YNA
134,CHB
134,PAD
133,GOG
133,CIV
133,LAE
133,VUL
132,JAX
132,ENZ
132,PTO
132,NRI
132,VAG
132,GOW
132,LAF
132,ETL
132,BEW
131,EIL
131,GIT
131,DEO
131,AUP
131,YPE
131,EMU
131,OAH
131,ONJ
130,BIE
130,FYI
130,FIX
130,LDL
129,GHI
129,GID
129,HIV
129,SSL
129,HTN
128,LYC
128,WST
128,GAZ
127,TAE
127,KAR
127,NMA
127,RAU
127,OLM
127,KID
127,EUP
127,ISU
127,WEP
126,OTL
126,ZEL
126,URM
126,TIU
126,NEP
126,PTS
126,HUG
126,RSW
126,SOB
126,RVD
125,PHS
125,LMA
125,FOW
125,OIA
125,MIZ
125,TEW
125,YOK
125,AWL
124,FON
124,BHO
124,HAW
124,MAM
124,ODU
124,LAZ
124,NUN
124,IDN
124,AWD
123,LDO
123,LSI
123,SEQ
123,ZIA
123,YSA
123,ITF
123,UOT
123,INJ
122,OVA
122,LMI
122,VEI
122,EAH
122,ABH
122,NEF
121,KIT
121,SEX
121,PHT
121,XAM
121,NTM
121,USY
120,URO
120,COI
120,ONU
120,ZIE
120,FFR
120,SHB
119,BBO
119,NHO
119,DDY
119,MBU
119,RHO
119,GUM
119,OAL
118,CHL
118,IGR
118,UNM
118,ODN
118,MOK
118,VIV
118,EBY
118,JAQ
117,BSA
117,EFS
117,DUF
117,TYP
117,TUF
117,VEX
116,LMS
116,RMU
116,LAK
116,ADT
116,YLL
116,EZZ
116,ZZL
116,BSC
116,NVO
116,XPR
115,NOL
115,SHN
115,AYO
115,URK
115,UDY
115,MOM
115,YMP
115,PIG
115,FOA
115,FTI
115,YPO
114,EHU
114,TUL
114,MSO
114,KON
114,EXH
113,LBE
113,RLS
112,AMD
112,ASL
112,DSO
112,ELB
112,STW
112,ZAL
112,HYM
112,MEG
112,RFL
112,NRE
112,WND
111,HAE
111,TOI
111,NZA
111,TAX
111,ASM
111,AUM
111,ULG
111,SSN
111,LEL
111,LUB
111,EFL
111,TTR
110,DAD
110,YRE
110,CKY
110,EEB
110,LEH
110,EEV
110,PIP
110,INW
110,NFR
110,XAL
110,CDU
109,AHO
109,ITR
109,LIX
109,AWH
108,AGL
108,LBA
108,UBA
108,SEU
108,IGS
108,YLA
108,BOX
108,EZR
108,OBT
108,SOD
108,CTL
107,OFA
107,BOI
107,SMU
107,KIM
107,ENQ
106,TMA
106,LIQ
106,HMO
106,MEW
106,NOV
106,PST
106,NEU
106,VEA
106,AAM
105,SIZ
105,ENH
105,OCO
105,SHL
105,URF
105,ZAN
105,RYL
105,TOK
105,NOA
105,ILF
105,MND
104,ELU
104,MAE
104,TNI
104,VAU
104,DGI
104,VOT
103,AFA
103,RYM
103,ESB
103,COD
103,PSE
103,ULP
103,EBT
103,PTY
102,KAN
102,BAH
102,CCI
102,ILG
102,HAF
102,UFI
102,LLN
102,XET
101,BDU
101,SEW
101,ZLE
101,HTA
101,JOV
101,UTW
100,OLF
100,NZO
100,RCL
100,WNI
100,CKA
100,UGL
100,USK
100,SYC
100,YBA
100,WBR
100,RGD
99,EPP
99,REZ
99,OSC
99,HEO
99,GYS
99,MOW
99,UAG
99,YCH
99,EUB
99,XPL
99,RRD
98,NIP
98,ADF
98,HOC
98,PSY
98,NSF
98,MOI
97,LFS
97,AZO
97,DWI
97,OIT
97,DFO
97,GAB
97,GOU
97,LOB
97,UEC
96,JAN
96,XER
96,ROE
96,YMA
96,UGA
96,IKI
96,OJO
96,BTA
96,XPO
95,TTS
95,CIB
95,BAK
95,LSH
95,LYD
95,LTR
95,DUA
95,PSA
94,HOG
94,SGU
93,LCI
93,AYA
93,OHE
93,NOP
93,EWH
93,DFA
92,APU
92,XAN
92,SKS
92,HOV
92,YLE
92,OPU
92,EAZ
91,BNE
91,OPT
91,HHO
91,NEZ
91,MAA
91,ADJ
91,PWA
90,NSS
90,ONZ
90,ISK
90,AZZ
90,CKB
90,IOP
90,YFU
90,WIG
90,PIO
90,NKN
90,NDF
89,USC
89,NVA
89,NGM
89,ICR
89,PAW
89,HBI
89,CUE
89,CAK
89,NPR
88,NBU
88,FUG
88,KMA
88,OTC
88,JEZ
88,JOB
88,WBE
88,NIV
88,TSI
88,ERJ
88,SOJ
87,CHY
87,RTN
87,NOD
87,GHL
87,OSY
87,TEG
87,NVY
87,UBD
86,LPE
86,COZ
86,CUC
86,RSC
86,FUM
86,IFL
86,LFU
85,ORU
85,OPR
85,YCL
85,ULU
85,RBL
85,OXI
85,DYI
85,THH
84,ABN
84,RPS
84,ITZ
84,BAY
84,DMO
84,YNE
84,EIA
84,COF
84,COG
84,NAE
84,SIF
84,WLY
84,TYB
83,RQU
83,APR
83,UGS
83,OQU
83,KWA
83,NWO
83,VAC
82,ACS
82,AEA
82,JAR
82,CKW
82,RPH
82,EBI
82,HYD
82,NDB
82,YCU
82,RSD
82,WEB
82,ICY
82,OBJ
82,XTH
81,ENM
81,FOX
81,ZEA
81,BSO
81,VOY
81,TYL
81,IHO
80,BYS
80,NAZ
80,DEK
80,AXI
80,CYC
80,EEZ
80,DMU
80,IPI
80,FIA
80,INQ
80,SHT
80,ANH
80,OLN
80,SFO
80,XIO
80,STF
80,OYF
80,UPW
79,UGU
79,OGN
79,DIZ
79,RPA
79,ONW
79,ULK
79,NBR
79,LUG
78,LCA
78,SNI
78,XTO
78,KAH
78,HUL
78,EKA
78,NEH
78,UBM
78,SYM
78,BAW
78,HDR
77,BIC
77,PSI
77,TOA
77,SUG
76,RGS
76,MOB
76,WLI
76,EIZ
76,LAA
75,UAS
75,ZON
75,CSS
75,TOE
75,RUF
74,ALG
74,TUC
74,LYT
74,IMU
74,DNI
74,NBO
74,ONM
74,AFO
74,FEM
73,KHA
73,AWK
73,HBA
73,TSH
73,RWO
73,YCO
73,CUD
73,LDN
73,RYT
73,WIP
72,LGE
72,VIG
72,HSH
72,MUD
72,DEI
72,BUG
72,DIP
72,AAS
72,HIF
72,LLB
71,DDA
71,NKA
71,SYS
71,LIJ
71,NWI
71,OFS
71,UNU
71,VST
70,LYN
70,XIN
70,TSM
70,RSP
70,YHO
70,TPL
70,UOR
69,CHN
69,EJE
69,NSL
69,HLI
69,YLI
69,NUC
69,SCL
68,DSE
68,RRH
68,JUM
68,HAY
68,NRO
68,SIP
68,ESM
68,UEA
68,VEM
68,DJU
68,FOI
67,AOL
67,KAS
67,LEU
67,XIS
67,AKA
67,LPA
67,ZOR
67,LFA
67,OHS
67,MAU
67,DHO
67,JAB
67,TUP
67,EYD
67,THM
67,PTR
67,SNU
66,EOL
66,IKA
66,AHE
66,KOR
66,RJU
66,AYM
66,BEO
66,RFI
66,CAH
66,DHE
66,GAP
66,MEC
66,XAC
66,INM
66,RHY
66,IMN
66,NCD
65,KRO
65,EOS
65,RSS
65,OVS
65,IAK
65,DLA
65,RKL
65,CAC
65,OYD
65,ECY
65,OED
65,OWT
65,OTW
64,DAC
64,OMY
64,KSH
64,ILB
64,IRK
64,CAY
64,BOB
64,YWO
64,GLU
64,OSW
64,HOK
64,HEU
64,FUT
64,GGD
64,BTL
64,HTW
64,BBD
63,LHA
63,IOC
63,PAH
63,MOP
63,TEI
63,YTE
63,KFU
63,UIV
63,RDY
63,WRY
63,MUM
63,UAK
63,OXF
63,XFO
63,NNU
63,LLF
63,TCL
62,TAH
62,PAB
62,MYR
62,EUM
62,NWE
62,DOD
62,LYM
62,UCY
62,NAW
62,SYL
62,ZAD
62,UTM
62,XCH
61,BBY
61,ONK
61,NEO
61,NKF
61,JET
61,BUZ
61,XIL
61,AKD
61,JOT
61,LEK
60,KAD
60,NIB
60,POV
60,GHD
60,ARQ
60,HNI
60,COX
60,YPR
60,DAE
60,ELK
60,RDN
60,MEI
60,PUD
60,FAD
60,GEE
60,TBA
60,UNJ
60,PAV
60,DBA
60,LTU
60,XAT
60,DLO
60,LOQ
60,SPY
60,PUP
60,BMI
59,NIL
59,URU
59,CHT
59,EEF
59,NBA
59,UNO
59,EYL
59,YRU
59,ILM
59,KAB
59,KOL
59,ADG
59,RNM
58,ZIL
58,BUM
58,OEN
58,DAW
58,DSM
58,WAD
58,HIZ
58,AGD
58,RFA
58,RWE
58,OFO
58,DIB
58,LLT
57,LSA
57,DDO
57,KLA
57,YSH
57,DOZ
57,ZEC
57,RGR
57,AWI
57,OTR
57,SAH
57,DCA
56,NNS
56,YPH
56,AED
56,LUX
56,BUF
56,HLO
56,CYP
56,INB
56,ILC
56,NGF
56,KOH
56,VAD
56,STP
56,DSI
56,NOG
56,GAO
55,LPS
55,AMR
55,IBO
55,EZI
55,IFO
55,KAM
55,LUI
55,EXU
55,DOK
55,WIM
55,TIQ
55,CKC
55,EMD
54,HEV
54,KAL
54,YWA
54,BOH
54,HUD
54,SOI
54,EBB
54,ONB
54,DDS
54,UVE
54,TCA
54,TSC
54,IMR
54,IGM
54,COE
54,UCU
54,VAP
54,NUF
54,RCD
53,LDA
53,ATY
53,LPI
53,YRO
53,MOE
53,OSU
53,LOH
53,OZA
53,TEB
53,GOM
53,SFA
53,KUL
53,YRR
53,IPO
53,RJA
53,FTL
53,HTF
53,XCL
53,LSC
53,WRS
52,LFO
52,AUB
52,TAW
52,NRA
52,EXO
52,JEP
52,IDW
52,RKM
52,PEP
52,POD
52,SOA
52,XHO
52,LUO
52,THN
52,RKD
52,NND
52,IZP
51,IBS
51,LKA
51,OUI
51,EIU
51,LGR
51,XIC
51,KHO
51,STN
51,MWE
51,YBE
51,HUE
51,ETN
51,LAX
51,EWL
51,NOX
51,KRA
51,MIM
51,VEH
51,WDE
51,WSH
51,SKU
51,KCL
51,APD
51,LKD
50,BIB
50,RGL
50,HUC
50,ONR
50,ANM
50,UDL
50,NID
50,ZRA
50,AZD
50,MIX
50,OYI
50,SGI
50,GGR
50,RML
50,SSH
50,WEV
49,ABD
49,JAS
49,AMY
49,GTO
49,HWI
49,JOL
49,KYS
49,COH
49,DGA
49,PCO
49,SBE
49,TAD
49,JUG
49,AVD
49,CKP
49,OOZ
49,ZRE
48,UIA
48,NGK
48,HIK
48,JIN
48,OMW
48,LUL
48,NMO
48,NMI
48,TOY
48,SOT
48,YNC
48,NPA
48,WOT
48,ZIP
48,ZUR
48,CKR
48,GHW
47,MRI
47,EOM
47,AYL
47,NSK
47,PEI
47,EZA
47,CIC
47,OSM
47,SBO
47,SFU
47,EFY
47,FOG
47,WBO
47,SFY
47,BTE
47,NDK
47,DKE
47,WIR
47,IMD
46,EID
46,UDR
46,OTU
46,CHW
46,YMO
46,BAU
46,OIR
46,BUB
46,BOG
46,TSW
46,LWI
46,RTM
46,DUP
46,EOC
46,EWR
46,NDW
46,ODM
46,IOD
46,XAS
46,BSI
46,OOI
46,DWO
46,MUF
46,IZD
46,JEB
45,SKA
45,AYW
45,GDA
45,ADB
45,RBY
45,NPO
45,MMY
45,JAW
45,ESQ
45,EWB
45,AKN
45,GIM
45,HDO
45,OOE
45,EYI
45,ONP
45,PTH
45,AGM
45,XTI
44,CAG
44,ECC
44,ANZ
44,ZIM
44,BEK
44,MAP
44,DOP
44,EIF
44,FOC
44,OGL
44,HEF
44,JAT
44,JAY
44,PHU
44,CKH
44,XEM
44,MAX
44,SEG
44,SIH
44,BEZ
44,THP
44,RNF
44,XCO
44,UTB
44,FEV
44,OWF
43,SOS
43,EIM
43,ZAC
43,NUL
43,ASQ
43,ISQ
43,HTO
43,ADW
43,IHU
43,CIM
43,PSO
43,JAI
43,JOC
43,KIP
43,YBO
43,TZE
43,OMN
43,VAB
42,JAD
42,CUI
42,TZS
42,YCE
42,OXS
42,RDU
42,IZO
42,RKA
42,HRY
42,DEX
42,UPA
42,CCL
42,AHL
42,OEL
42,NTZ
42,EEW
42,EGN
42,TGO
42,MUG
42,ETF
42,BTS
42,DDR
42,UGB
42,NUP
42,UPB
42,PME
42,GIG
42,PUF
42,SKD
42,LVD
41,TOX
41,EBS
41,WIE
41,OWM
41,PEW
41,MAB
41,DYE
41,OEB
41,WTH
41,JUP
41,RGY
41,OTY
41,ZAH
41,MRA
41,NGP
41,SSM
41,YWH
41,FFU
41,RWH
41,LIH
41,TSP
41,PUM
41,EVD
40,ECS
40,ANJ
40,IOG
40,OEF
40,CYR
40,RUA
40,ZPA
40,HUF
40,JAP
40,KOO
40,EIP
40,LOL
40,MRO
40,PIK
40,HIJ
40,ODC
40,NPL
40,XPI
40,IEZ
40,NDP
40,FSA
39,AHM
39,YAS
39,RBR
39,EYN
39,AUX
39,AYT
39,ESK
39,JED
39,LUA
39,KIC
39,AJO
39,PAM
39,WLA
39,WYE
39,LAL
39,ZIB
39,ZEP
39,MEB
39,AEM
39,SRE
39,LTL
39,BNA
39,MEF
39,ZIT
38,BAM
38,OGO
38,TOF
38,UBR
38,NIK
38,WMA
38,RYN
38,AFI
38,PSH
38,CHC
38,NUI
38,YMN
38,RHI
38,CKT
38,KSG
38,ETB
38,THB
38,OYM
38,IRJ
37,EXS
37,AXA
37,KOS
37,LHO
37,ANB
37,AWB
37,ARH
37,LLM
37,GEH
37,PKI
37,HSO
37,JUB
37,IBN
37,UCR
37,AYF
37,OMD
37,PEG
37,OWH
37,CYT
37,OAV
37,LLC
37,ZZE
37,HYR
37,WSE
37,POX
37,TBR
37,EKN
37,RLW
37,DGD
37,MMD
36,ADH
36,EZS
36,OKA
36,UBO
36,LOE
36,NYA
36,UAH
36,OWP
36,REK
36,IWA
36,IXI
36,LYR
36,EUC
36,NDH
36,GAY
36,OMU
36,EOG
36,YAG
36,EML
36,NOE
36,AYB
36,SPS
36,EDC
36,OTB
36,TFA
36,UTF
36,IXD
36,TFR
35,TSS
35,AKK
35,LCU
35,ILH
35,RYP
35,DUB
35,OBU
35,DAP
35,GKI
35,DYN
35,DNA
35,EMM
35,HWO
35,FAW
35,TEV
35,ODW
35,TFO
35,SEF
35,KEI
35,KRI
35,WAF
35,TTH
35,MEP
35,NKR
35,LRY
35,XTU
35,IRP
35,KBO
35,ETP
35,MLY
35,RSY
35,RYW
35,RVY
35,GBY
35,PBR
35,OEE
34,AEG
34,DEU
34,KAG
34,BDI
34,OOC
34,PEK
34,RTW
34,NOY
34,CAW
34,HWE
34,PYS
34,LYP
34,YNO
34,AWY
34,LLH
34,BTF
34,NRU
34,UTP
34,FFD
33,CUF
33,DSS
33,CIZ
33,UIP
33,SHC
33,ATM
33,ENK
33,STC
33,OLB
33,ISY
33,TNA
33,LUP
33,ATF
33,IVY
33,JOE
33,OXY
33,ITM
33,LFE
33,GEB
33,KUP
33,SSF
33,IPM
33,ULV
33,GPL
33,XHI
33,XPA
33,AEC
33,DCH
33,JIG
33,XUR
33,IEK
33,HGI
33,ZID
32,LFR
32,ALH
32,AIC
32,AHU
32,IAP
32,ZAS
32,GSH
32,ROX
32,WSO
32,RGH
32,PIM
32,HNS
32,TFI
32,HOH
32,HNA
32,XIM
32,YTA
32,IGL
32,MOZ
32,OZI
32,ZEM
32,PUG
32,YAC
32,KSL
32,LLP
32,PNE
32,BTO
32,EYB
32,OSR
31,EJA
31,LGI
31,ARJ
31,RYA
31,CCH
31,TSY
31,EOT
31,NDT
31,REX
31,SVI
31,YTO
31,TCO
31,UBC
31,SHW
31,IPU
31,EOD
31,ROZ
31,IRN
31,ADC
31,NTN
31,SSW
31,BTI
31,NPI
31,XCI
31,XOR
31,LFT
31,EWN
31,WDO
31,UXU
31,NWH
31,CHF
31,EPD
31,VII
30,FOS
30,LBI
30,HCR
30,CKF
30,TSK
30,UEB
30,GGS
30,LLW
30,BYR
30,CLY
30,YDE
30,SSB
30,MLI
30,HYA
30,JAV
30,YAW
30,VAH
30,NYO
30,OUE
30,NIJ
30,LDF
30,NJE
30,BYT
30,VEG
30,DBR
30,ABJ
30,BEQ
30,OXC
30,HQU
30,XHA
30,TUI
30,PEF
29,MOH
29,MFI
29,IKS
29,NGN
29,EVY
29,IPR
29,TEZ
29,XIE
29,XON
29,DUD
29,DEZ
29,KRU
29,CAF
29,ICC
29,GGY
29,POG
29,KME
29,ULM
29,NYW
29,DBO
29,HBE
29,WDR
29,THQ
29,JOK
28,LGO
28,ESL
28,AMT
28,SHK
28,VON
28,UHA
28,IXS
28,GSS
28,ZET
28,LYW
28,OZO
28,PMA
28,VYS
28,RNW
28,WNY
28,PBO
28,TSU
28,GEF
28,GIZ
28,UAC
28,MCC
28,AOM
28,UGI
28,NKY
28,NHU
28,WIZ
28,TMI
28,AWO
28,DPA
28,WSI
28,PSU
28,OMR
28,YCA
28,EJU
28,NUG
28,UNQ
28,NKD
28,BIJ
27,AXS
27,AKH
27,LCE
27,AEU
27,RNU
27,RFS
27,MNS
27,NHI
27,RYO
27,CEB
27,COY
27,OSL
27,IML
27,ANV
27,RVO
27,ENP
27,ODB
27,GGO
27,THT
27,GAW
27,OHO
27,THG
27,KOU
27,OAF
27,ZAM
27,EKO
27,NOF
27,TGR
27,UTG
27,MSH
27,CTN
27,YTI
27,WOK
27,HNO
27,VIZ
27,RTB
27,EYH
27,UMD
27,DPI
27,LYG
27,ZOU
27,PHL
27,GNT
27,VIB
27,OPD
27,AAZ
26,KSS
26,KBA
26,NUB
26,UFO
26,AYN
26,ODH
26,EVS
26,YNT
26,LRO
26,EYC
26,NIR
26,RZA
26,DBE
26,FNE
26,ZOO
26,MEH
26,KEM
26,IBY
26,OYO
26,NAO
26,GAH
26,EWT
26,NIX
26,EYM
26,YPI
26,TYI
26,PPU
26,WDL
26,SSP
26,RTG
26,YDA
26,XID
26,DBY
26,JUI
26,THJ
25,DHA
25,LPO
25,IKO
25,RIX
25,ELG
25,BEV
25,BIK
25,ENW
25,TEH
25,OOG
25,FUC
25,MAV
25,YMI
25,FIB
25,RYE
25,FUE
25,GEI
25,RSK
25,BYA
25,LUK
25,HTR
25,MFU
25,UZA
25,GBO
25,PRY
25,IHA
25,SCY
25,OTM
25,RDH
25,AKF
25,TDO
25,SST
25,EAW
25,NDC
25,NEQ
25,HPI
25,APK
25,WSB
25,SIW
25,EKR
25,PEH
25,OAZ
24,ZOS
24,UAY
24,DUI
24,KOV
24,UDO
24,LSS
24,YEN
24,LYA
24,OLG
24,OBR
24,KKE
24,FRY
24,YAM
24,GAC
24,ARZ
24,ANF
24,RTF
24,ZLI
24,NGW
24,OTP
24,TPO
24,IRW
24,YAT
24,NUD
24,YGI
24,OUV
24,RPU
24,KWO
24,DOX
24,WKS
24,INP
24,NGY
24,TGA
24,WAC
24,DEH
24,ZAP
24,BWE
24,XUA
24,DAZ
24,EEH
24,BEM
24,KFA
24,DCO
24,OWW
24,IDY
24,WDN
24,BTR
24,UTD
24,VOM
24,KEH
24,NSD
24,JAA
24,ZPE
23,EIC
23,LHE
23,CKU
23,ELZ
23,YNS
23,IFA
23,HMI
23,LAO
23,UEZ
23,KHE
23,YDI
23,ZRO
23,TBE
23,AXO
23,AVS
23,NPU
23,KLO
23,LUF
23,RJO
23,YIS
23,TUG
23,DDU
23,PPH
23,WAM
23,BJU
23,SHF
23,ESW
23,HUP
23,GYM
23,PFU
23,YNI
23,ISJ
23,XCR
23,YEB
23,CEW
23,YHE
23,GFU
23,MIF
23,OFU
23,ZOA
23,MPC
23,ZAE
22,YSO
22,SGA
22,HDA
22,AFS
22,OEM
22,WDI
22,BRY
22,ULB
22,UVI
22,KSO
22,DVO
22,GUD
22,YPS
22,OKU
22,MUZ
22,KEA
22,UOI
22,JOG
22,MIK
22,KKI
22,DFI
22,EPY
22,LYH
22,MWO
22,TBI
22,UAV
22,IWI
22,LSY
22,WDY
22,HHE
22,OBW
22,LIR
22,OIE
22,KIB
22,FSP
22,VIP
22,RTC
22,WOF
22,XTY
22,EXD
22,HJE
21,CCR
21,IHI
21,ALN
21,PSS
21,NTW
21,TTU
21,RRS
21,YLS
21,AOS
21,OEI
21,BYE
21,CEC
21,ZOI
21,RYB
21,EYR
21,GNU
21,DAK
21,IDR
21,LBR
21,LWO
21,NPE
21,GWA
21,CKM
21,HLA
21,HCO
21,KAY
21,KRE
21,LPL
21,IRZ
21,NTG
21,LMU
21,NYI
21,RCR
21,LSP
21,LYZ
21,UAB
21,WGU
21,WSY
21,BSH
21,GBE
21,UTZ
21,AZY
21,WDS
21,HPA
21,TPA
21,TLO
21,JAU
21,JAZ
21,SDI
21,GFL
21,BCO
21,UNV
21,UCD
21,GND
21,PUI
21,NTJ
21,TJO
21,IKL
20,AYR
20,BAE
20,IRU
20,GEU
20,OKO
20,DHI
20,ONH
20,FFY
20,WBA
20,EVR
20,JEE
20,ISN
20,VSK
20,IFS
20,JIT
20,FUZ
20,HAA
20,OLC
20,UYS
20,WKI
20,AWT
20,HEG
20,TZI
20,UMV
20,IKH
20,JUV
20,MAO
20,SFE
20,UTN
20,RAJ
20,YGA
20,KBI
20,DFE
20,SRO
20,OPM
20,CST
20,NSN
20,UGN
20,JAL
20,JEL
20,TCR
20,RHU
20,EUE
20,LFL
20,IPW
20,PDA
20,OAP
20,EVN
19,TOV
19,KAI
19,ERX
19,RXE
19,YRS
19,AGH
19,LZE
19,BOE
19,LEZ
19,DBU
19,MEY
19,OCS
19,CUA
19,ELN
19,FEB
19,FIZ
19,EUD
19,LDB
19,ANW
19,AIP
19,MHO
19,RTZ
19,NBL
19,JAG
19,JEN
19,JUT
19,KEO
19,UPU
19,ANX
19,ILN
19,KTO
19,NKH
19,OKM
19,OOH
19,PUZ
19,DAF
19,XTA
19,INX
19,ETM
19,LPU
19,UCO
19,PTL
19,TIK
19,APY
19,AZU
19,EDB
19,OWY
19,YGO
19,PYI
19,ATB
19,XTS
19,YOG
19,OGM
19,BME
19,ODP
19,BVE
19,YEO
19,WWW
19,IVS
19,MFR
19,BIH
19,TEK
18,IYA
18,AEO
18,HKE
18,AKU
18,DSL
18,RNB
18,KBU
18,LTZ
18,ZMA
18,OBD
18,OSB
18,RJE
18,DEJ
18,IEM
18,JIB
18,OUA
18,LNA
18,ESN
18,SGO
18,ODR
18,UYE
18,UKK
18,KYL
18,WAB
18,WTO
18,PIZ
18,LYE
18,YND
18,YFA
18,YSP
18,YPA
18,YBU
18,SAX
18,OML
18,LKY
18,DPR
18,XIA
18,ZEE
18,YAK
18,RMH
18,HCA
18,UGM
18,KFI
18,LYB
18,DSU
18,GEY
18,BOZ
18,KSA
18,LBL
18,OAG
18,NUO
18,NVU
18,WNW
18,UOS
18,TYM
18,XPU
18,ZIC
18,PWR
18,WWG
18,GSU
17,IEB
17,ATZ
17,TSA
17,FAG
17,DIX
17,NZE
17,BOC
17,UNY
17,NUK
17,ORV
17,TBU
17,IRB
17,ETZ
17,LFP
17,GUY
17,AKL
17,OOV
17,CHH
17,VEC
17,NZI
17,ACM
17,EIE
17,AGP
17,EWF
17,EWM
17,PUE
17,PYT
17,UEF
17,UZE
17,UKI
17,TAO
17,YOD
17,LDH
17,ZRI
17,PTN
17,YSM
17,YZE
17,DUO
17,SYI
17,BYH
17,BAZ
17,BIF
17,TPR
17,ULW
17,MPD
17,ODF
17,WSL
17,VYI
17,DUG
17,NZY
17,EXQ
17,XQU
17,RMW
17,EUV
17,RWR
17,VAM
17,IXP
17,AIO
16,UXS
16,AIK
16,XAG
16,RCT
16,BBS
16,KUS
16,AKO
16,RDM
16,AUV
16,EUL
16,KBE
16,YNN
16,RSB
16,FTO
16,RNY
16,GWO
16,ELR
16,RIQ
16,IRF
16,NAF
16,HOF
16,UGO
16,VEE
16,JIL
16,JIM
16,KAZ
16,OGH
16,UFT
16,AOR
16,HHA
16,MEK
16,UHI
16,IDT
16,OWG
16,UMF
16,YRT
16,OGB
16,KDA
16,RAX
16,YVE
16,SVE
16,OKY
16,DJO
16,GNM
16,BIV
16,NIH
16,RMF
16,GPI
16,EDT
16,ORH
16,RDB
16,WSP
16,IPB
16,WGI
16,MSD
16,MLA
16,CTM
16,SHG
16,RSN
16,WWO
16,GYR
16,YPN
16,PNO
16,EGM
16,FEG
16,GTI
16,RIJ
16,RZI
16,PEB
16,DBL
16,UBV
15,WSS
15,DJA
15,RKW
15,BAF
15,UIO
15,LDW
15,KWE
15,OJA
15,OYL
15,NSV
15,SEK
15,EPC
15,PPS
15,JAK
15,DYM
15,UCL
15,XCA
15,NCK
15,GEW
15,UIZ
15,GUO
15,YWE
15,JOP
15,RKO
15,GAA
15,AKY
15,AWR
15,BNI
15,ZZY
15,VRE
15,UXE
15,CDO
15,AET
15,SHH
15,NSY
15,PYG
15,SRI
15,BMA
15,TYC
15,KSM
15,BDO
15,BSU
15,NXI
15,LLR
15,HYT
15,DCU
15,WME
15,KDO
15,CHP
15,DBI
15,MLO
15,MSI
15,CUO
15,ADP
15,HEQ
15,DOF
15,PAE
15,YEW
15,RLU
15,KOA
15,NYX
15,OWC
15,EZV
15,ZVO
15,GHH
15,NBI
15,NLU
15,ICD
15,RPD
15,HBY
15,ZIK
15,ZOB
15,JOZ
14,IZS
14,LBU
14,LEJ
14,ALZ
14,RKH
14,TAA
14,RZE
14,KSB
14,PAQ
14,DOB
14,YOL
14,CYB
14,CYN
14,CZE
14,KOT
14,UBH
14,SEO
14,UIB
14,LWE
14,FAY
14,UJI
14,ZHO
14,GOF
14,KKU
14,INR
14,ROQ
14,IRV
14,JEF
14,LMY
14,TZA
14,KOD
14,SUT
14,OUF
14,KUR
14,FTW
14,HFO
14,IAE
14,TPE
14,OAX
14,KEF
14,LDU
14,AYP
14,YLV
14,OCY
14,TGE
14,HEH
14,EIK
14,SYP
14,CIG
14,HBR
14,UPD
14,DSW
14,WOV
14,MRE
14,KSI
14,DSP
14,FUD
14,EKL
14,BCA
14,TBL
14,BYP
14,BYW
14,LDC
14,OIF
14,DNT
14,YFI
14,UPY
14,FTN
14,IVU
14,WNR
14,RSM
14,PIX
14,FPE
14,LFW
14,OBN
14,JEO
14,MAW
14,DPO
14,LKW
14,AIV
14,HTC
14,EDH
14,ZOP
14,LPT
14,YDO
14,PMO
14,AON
14,VRY
14,USW
14,RBD
14,GBL
14,EYT
14,HPE
14,GEZ
13,UJA
13,AUE
13,DKI
13,AKR
13,ATW
13,AAT
13,BAO
13,AOT
13,HMS
13,EHR
13,IJI
13,RDT
13,ERZ
13,YOS
13,PBE
13,LYL
13,TWR
13,USO
13,CEY
13,NGC
13,UVA
13,FAX
13,PHN
13,ELH
13,DSC
13,IRH
13,HBU
13,GAE
13,HSE
13,RKY
13,AVU
13,KLU
13,SBR
13,IZH
13,OYC
13,JUA
13,KHS
13,IZU
13,UFA
13,UWA
13,YOT
13,LUZ
13,BHA
13,ILW
13,WAU
13,FAK
13,WCA
13,WPO
13,OKT
13,GMI
13,YMS
13,UOY
13,GFI
13,SYB
13,YBI
13,YUC
13,BNO
13,AFL
13,GYN
13,KYA
13,OOB
13,KPO
13,MPY
13,UFL
13,ATG
13,TNU
13,KPI
13,UUM
13,RIW
13,YBR
13,SRU
13,MBN
13,OLH
13,FFN
13,LNU
13,AZM
13,HEX
13,KEB
13,MYT
13,HTT
13,FBO
13,ILP
13,AVN
13,NGG
13,SSG
13,ZWA
12,OFL
12,PIU
12,KKA
12,ZIS
12,UAF
12,ATK
12,TKI
12,ZAZ
12,AIJ
12,NEK
12,KFO
12,KSP
12,NXS
12,YRD
12,EWY
12,CSO
12,EUG
12,ILR
12,MEZ
12,ZOL
12,GWE
12,YGE
12,SUZ
12,ZAA
12,MCH
12,VLA
12,DIK
12,KNU
12,KOP
12,KUB
12,AOI
12,MCK
12,LMD
12,RYG
12,EZO
12,PWI
12,BBR
12,LRI
12,YMM
12,OWO
12,BOP
12,KTH
12,IVV
12,CTY
12,SHP
12,XUL
12,IXA
12,HJA
12,HYG
12,YGR
12,CKK
12,MBD
12,SJU
12,SOG
12,SKM
12,WFA
12,HTG
12,TPI
12,TDA
12,OVU
12,IGT
12,WOW
12,YFO
12,MNL
12,WAP
12,DTW
12,CMO
12,TZW
12,PUA
11,YAH
11,MSS
11,UQU
11,MHA
11,AMW
11,DTS
11,GUP
11,GEP
11,DDH
11,CAJ
11,YUG
11,NOZ
11,YSL
11,KRY
11,TOZ
11,VAK
11,DYL
11,WKE
11,FOM
11,NSB
11,LQU
11,UKS
11,ASB
11,EYW
11,YMU
11,OGW
11,MVE
11,IZM
11,HCH
11,HYB
11,SKO
11,KOW
11,PSC
11,GMO
11,UVR
11,MEX
11,BOK
11,MIB
11,IKK
11,EKD
11,XIG
11,OZN
11,YGM
11,XYS
11,EEG
11,ADZ
11,SOY
11,YKE
11,LKM
11,ZAG
11,ZAI
11,ZOM
11,EEA
11,BEB
11,IGW
11,RDW
11,UEP
11,WLD
11,BUO
11,FTA
11,UML
11,VVI
11,PDO
11,APB
11,QUY
11,YWR
11,SSC
11,LPR
11,UPC
11,SJO
11,SNT
11,WNT
11,NTF
11,FOP
11,THC
11,RSQ
11,GEC
11,LFB
11,XAD
11,OBV
11,OEU
11,TPU
11,RSL
11,OIG
11,MIP
11,EPF
11,IKD
11,EPW
11,EPM
11,RNN
11,UBP
11,RDF
11,MTH
11,WRU
11,IBD
11,DCI
11,IPD
11,SBL
11,AHZ
11,ZHA
11,JEI
10,YLU
10,AFG
10,FGH
10,AKB
10,CYO
10,EGH
10,ASW
10,KOK
10,EUX
10,EOW
10,GSO
10,BIZ
10,RAQ
10,UJU
10,YAB
10,CAO
10,DIJ
10,IXO
10,URH
10,ELW
10,RUR
10,TZP
10,OKK
10,TSB
10,BVI
10,ODT
10,OPK
10,OUM
10,XLE
10,YAD
10,IMH
10,AYC
10,KPA
10,KYR
10,XUS
10,UIG
10,AXW
10,MCA
10,MCG
10,UAW
10,RFR
10,TFL
10,EWC
10,OZY
10,VLO
10,GMY
10,ITB
10,HTU
10,UON
10,AUZ
10,YFE
10,SIK
10,JAE
10,TIH
10,WOB
10,WUR
10,UKO
10,YUL
10,LYF
10,LTW
10,BIP
10,DYB
10,OTN
10,IMF
10,KUM
10,PGR
10,HAO
10,MSC
10,KTA
10,UIU
10,FOD
10,WNF
10,SDR
10,YEE
10,XIB
10,YSW
10,ZMO
10,GYB
10,LFH
10,LPF
10,HFA
10,GBI
10,KKN
10,OYR
10,AWG
10,ZOH
10,WCO
10,FFB
10,KAX
10,PIF
10,OFR
10,IOE
10,VIF
10,UGR
10,NWR
10,WPL
10,KYD
10,PDR
10,TJA
10,MVI
10,UVU
10,RMT
10,SWH
10,AFD
10,HAX
10,JEU
10,MIH
10,EMJ
10,MJU
10,AAD
9,RUX
9,LNI
9,KUN
9,LZA
9,TYE
9,HIU
9,OKL
9,RYC
9,GOY
9,OYN
9,UXT
9,NKO
9,ESV
9,MSK
9,BUE
9,BSS
9,CEO
9,UZS
9,CYG
9,RYD
9,BHE
9,ZYS
9,AFN
9,UKU
9,EHS
9,GIP
9,UAM
9,GUZ
9,AZL
9,FST
9,HGA
9,YUS
9,KUT
9,KEG
9,BSK
9,ASN
9,DSA
9,NCS
9,ZIG
9,PEZ
9,LUV
9,YLY
9,HDI
9,GUF
9,SOH
9,EZU
9,BWA
9,IUC
9,OZZ
9,PAA
9,PEU
9,DGO
9,XOT
9,DCL
9,KJA
9,YUK
9,GHU
9,SUK
9,UEM
9,GTA
9,UZI
9,VEB
9,MSP
9,IFR
9,LFF
9,HYE
9,ZEF
9,DEQ
9,MNU
9,ECD
9,IAI
9,HYX
9,YXI
9,WKW
9,HKA
9,BYI
9,CKG
9,KPE
9,LRU
9,HWH
9,ZZS
9,MIU
9,CEU
9,TWH
9,KSC
9,RNC
9,NTD
9,HBL
9,VVY
9,GTR
9,UOD
9,IGY
9,XOP
9,OTF
9,XEL
9,NDD
9,IWO
9,GHJ
9,HUH
9,APW
9,YNX
9,YOF
9,UEU
9,AYH
9,MYN
9,SSK
9,WPA
9,CNI
9,TCU
9,OTG
9,OEH
9,WFL
9,PCH
9,LLG
9,PAZ
9,RKF
9,ZIR
9,HFI
9,MUX
9,LFC
9,GHM
9,YHA
9,NYC
9,TYF
9,IZR
9,OZR
9,HZU
9,HOZ
9,EBN
9,AZR
8,ERQ
8,LTM
8,ZHE
8,GKO
8,LSK
8,RNH
8,UDU
8,NGZ
8,MYC
8,VOG
8,AYY
8,ASR
8,BAV
8,YEU
8,GIU
8,RCK
8,VIK
8,OSN
8,BTU
8,MPB
8,UKA
8,HIH
8,OIM
8,COK
8,LBY
8,YGN
8,LBS
8,LHI
8,WEY
8,IAZ
8,IJO
8,YSU
8,ZHI
8,CMA
8,LNO
8,IWE
8,SBI
8,WNG
8,KUK
8,IIS
8,EPB
8,LYU
8,KTI
8,IOW
8,ZOD
8,JEK
8,JOD
8,GFR
8,HSI
8,KAP
8,KAU
8,ZAK
8,KEV
8,EWP
8,GSP
8,LYO
8,LOX
8,MAF
8,GSA
8,AGY
8,LRA
8,ARX
8,YFL
8,MCD
8,MCL
8,CNE
8,YEV
8,NTB
8,MUH
8,ULR
8,NMU
8,AVL
8,SKR
8,CYL
8,VEP
8,KKO
8,USQ
8,MPK
8,TYN
8,URQ
8,UMQ
8,HNU
8,ITW
8,OLW
8,ZUB
8,RPT
8,HDE
8,RMC
8,AXL
8,KBR
8,DTI
8,IEI
8,HPL
8,UEI
8,ODK
8,AKT
8,KWH
8,TGU
8,VIX
8,PSK
8,MFL
8,SSR
8,PYC
8,WBI
8,WFI
8,EHY
8,HCL
8,CTF
8,OGF
8,CSI
8,TNO
8,RNL
8,GAF
8,GUB
8,HHI
8,BBU
8,POA
8,NXE
8,YPU
8,OSK
8,LOZ
8,TZO
8,CEG
8,WSC
8,WSM
8,CEH
8,FSH
8,UTV
8,XYG
8,ICN
8,PIQ
8,OPC
8,STD
8,EEX
8,EVU
8,TYT
8,KYW
8,WAW
8,WOP
8,PSW
8,EBC
8,IPF
8,XYL
8,YUP
8,LLL
8,FWI
8,LPD
8,STT
8,FOH
8,EWK
8,GVA
8,EGD
8,GOZ
8,YRM
8,AHP
7,AHR
7,KIV
7,LCY
7,AMH
7,AMC
7,AZT
7,LKH
7,BHU
7,MSB
7,ZEZ
7,MPP
7,AJU
7,APM
7,VEZ
7,VRO
7,FEY
7,MTE
7,ZUM
7,WFO
7,RUZ
7,CUZ
7,DIW
7,DJI
7,EYF
7,CEK
7,DZE
7,XOD
7,FAH
7,AHD
7,LKL
7,LKN
7,JIA
7,FIO
7,IEH
7,AHN
7,AIF
7,MSU
7,YDN
7,PBU
7,DTE
7,IBM
7,YAP
7,JIV
7,KAF
7,ANP
7,KOC
7,KOI
7,ESG
7,UZO
7,LNS
7,TVI
7,PKE
7,OEW
7,LOK
7,IAV
7,RCS
7,MCE
7,LUH
7,EMC
7,MEU
7,NTC
7,GSK
7,BIQ
7,MUA
7,NDJ
7,SVA
7,ZYM
7,STG
7,ZNA
7,PYL
7,OEG
7,MOY
7,ZNI
7,IIT
7,YNG
7,TOJ
7,ORQ
7,GPA
7,UKR
7,ZUE
7,DYK
7,LCR
7,IAO
7,OKN
7,IIN
7,IHE
7,NYB
7,EXY
7,UIF
7,UXI
7,RDC
7,CKJ
7,KCA
7,KSE
7,VUR
7,KSK
7,MNY
7,BIU
7,TEY
7,APN
7,LDP
7,MFE
7,RUO
7,OKB
7,SFR
7,WNH
7,WNP
7,DNO
7,XHU
7,FSS
7,MOX
7,OXH
7,WGA
7,IMY
7,WNU
7,DCR
7,DGU
7,GHC
7,GHF
7,DLU
7,RNP
7,WDA
7,EUK
7,HMU
7,JUJ
7,JUX
7,PFR
7,OSQ
7,ITP
7,NYL
7,WTE
7,OPG
7,TLU
7,PUK
7,AVV
7,OLR
7,PFO
7,KYJ
7,YJA
7,OUW
7,TUX
7,WOS
7,VOO
7,RKB
7,TUW
7,UWH
7,CII
7,XXX
7,RVS
7,WRF
7,GYV
7,ODV
7,RAA
7,AAH
7,IGD
7,HZI
7,ZIZ
7,AOD
6,GEV
6,AKC
6,KCH
6,MCO
6,ZOV
6,BJO
6,YDS
6,KAW
6,YBL
6,BYZ
6,YZA
6,LSB
6,IBC
6,HUK
6,OMT
6,PAX
6,DOY
6,FEZ
6,FUJ
6,UYA
6,UZH
6,WEG
6,AAB
6,LDM
6,WYN
6,LAJ
6,GZH
6,ZOT
6,GUJ
6,LEQ
6,AII
6,EFN
6,FMA
6,LDT
6,HUY
6,YUN
6,AAK
6,OEY
6,WPI
6,KHU
6,UFU
6,KYU
6,OPF
6,KOE
6,OTK
6,RIY
6,KUZ
6,UZN
6,ZNE
6,ISV
6,UDH
6,LYX
6,YXS
6,GMS
6,LAQ
6,RXI
6,HYI
6,CDA
6,MCN
6,OVY
6,SQL
6,AVR
6,NOH
6,NOK
6,IOA
6,OJI
6,HKO
6,PFI
6,KWI
6,PYO
6,UNZ
6,UBY
6,RUH
6,OPW
6,VIJ
6,AJI
6,LKO
6,RLP
6,WIK
6,RDP
6,YEM
6,AWP
6,YUM
6,GSI
6,YPL
6,LIW
6,NKB
6,EDP
6,GWI
6,OWZ
6,UEJ
6,DYG
6,OKW
6,FCA
6,ZKI
6,HPH
6,FFH
6,FHA
6,BFO
6,OEX
6,COQ
6,RNR
6,TYA
6,MQU
6,CZA
6,ZZO
6,MPN
6,XIF
6,SCS
6,IUR
6,WNB
6,YEP
6,YOV
6,CSL
6,FOB
6,OXT
6,DFL
6,FBA
6,DTO
6,YWI
6,DQU
6,RTT
6,LPM
6,OBG
6,BGO
6,JIH
6,JOW
6,EYP
6,KWU
6,AWM
6,WSU
6,APF
6,RGN
6,KEU
6,RIH
6,MUU
6,HTM
6,OBF
6,BFU
6,LCL
6,TDI
6,PIV
6,AYG
6,WOG
6,YGL
6,VUE
6,AGT
6,XIV
6,LTP
6,RPN
6,PKN
6,WMO
6,VEF
6,EBM
6,YIP
6,WWH
6,VMD
6,AXD
6,WRD
6,SPD
6,DYD
6,FEP
6,SEZ
6,ABT
6,ANR
6,GIH
6,HUZ
6,AAV
6,IBH
6,IGV
5,CEV
5,ADK
5,KAA
5,CME
5,AMG
5,GSB
5,YCI
5,AYU
5,ZTE
5,AXT
5,OHM
5,OWU
5,BEU
5,BOJ
5,FYS
5,EKH
5,GCH
5,YBD
5,YEF
5,FSK
5,OIX
5,DUV
5,DZU
5,EEY
5,FAF
5,FNI
5,FIJ
5,JIS
5,MMS
5,AFU
5,IAU
5,LGU
5,OUX
5,DSB
5,GOP
5,ALQ
5,SHV
5,EZB
5,HOY
5,HUI
5,RKU
5,EKY
5,OGJ
5,GJA
5,OIK
5,KIK
5,KIO
5,RKP
5,KIW
5,OHL
5,KUW
5,TLS
5,ATV
5,NGV
5,GHR
5,GYA
5,WSK
5,ILQ
5,AUK
5,MOJ
5,MYA
5,MYE
5,MYL
5,HVI
5,VAJ
5,VRA
5,GOC
5,OXO
5,KMO
5,KOF
5,HKI
5,UIX
5,UAU
5,VNS
5,JUK
5,DOA
5,HII
5,SNS
5,UEH
5,WAH
5,CYD
5,PDI
5,TPH
5,DHU
5,WYO
5,YOM
5,AOB
5,ABW
5,ZWO
5,YKI
5,SAE
5,DJE
5,IKN
5,UAP
5,KTR
5,AIZ
5,BSL
5,XWO
5,DFR
5,NKM
5,SKN
5,OUH
5,NKU
5,BYG
5,YXE
5,TZY
5,OAU
5,KSU
5,PYW
5,UPF
5,RKR
5,EPN
5,MIJ
5,IMW
5,GCA
5,OGT
5,VEW
5,DGY
5,URZ
5,EWG
5,MDR
5,FHE
5,DWR
5,RPY
5,NKW
5,KUD
5,MBK
5,BKI
5,UDM
5,AOW
5,BDE
5,MTI
5,NUZ
5,TVO
5,NKT
5,SYF
5,GNP
5,IPC
5,HTJ
5,ITJ
5,BPO
5,RFB
5,SWU
5,XII
5,IDB
5,UPG
5,CUU
5,FHO
5,YOW
5,IGZ
5,GZA
5,GSW
5,KCO
5,BAJ
5,HPO
5,AHB
5,MGA
5,KDS
5,KPU
5,VAW
5,UMH
5,WOA
5,LFM
5,TYO
5,AWC
5,GTS
5,KVA
5,IIM
5,IBZ
5,BZA
5,ZUA
5,THZ
5,KOZ
4,BUJ
4,NEJ
4,KHM
4,BUQ
4,AZS
4,LZH
4,MGE
4,MTR
4,ASG
4,YUR
4,RSF
4,UVO
4,EIJ
4,NZS
4,OZS
4,IDH
4,OEO
4,ZAV
4,EZH
4,UEG
4,UDW
4,UKH
4,BUX
4,RSV
4,RHS
4,AUQ
4,WYA
4,QIN
4,AIB
4,VUS
4,DBS
4,LHU
4,AGW
4,TMU
4,ZUN
4,XOC
4,FOT
4,FUK
4,KUO
4,UOK
4,KUY
4,GTE
4,IOV
4,ODZ
4,MYK
4,YAQ
4,GUC
4,UEV
4,GDE
4,ZBO
4,IAW
4,FFM
4,UEY
4,IJS
4,JSS
4,UKT
4,UZU
4,ZMI
4,XAR
4,HNN
4,AFK
4,FKA
4,TKA
4,KAO
4,EVL
4,YYA
4,IKU
4,IMT
4,KOM
4,ZYB
4,NGJ
4,KYO
4,GMU
4,MUI
4,UWE
4,OEK
4,LJU
4,GFE
4,CBR
4,CMI
4,NNH
4,RLB
4,RYK
4,MCF
4,CFA
4,CGO
4,CGU
4,MCM
4,CNA
4,WGL
4,SUH
4,YRN
4,NJI
4,WBU
4,UHR
4,IOB
4,PDS
4,RUV
4,TTM
4,TSD
4,QUR
4,AOU
4,VAA
4,AIY
4,UYL
4,POY
4,WNA
4,ZHU
4,EGF
4,OUK
4,KYE
4,AMF
4,TTG
4,TYG
4,TYX
4,UMT
4,YVA
4,SUV
4,ZUK
4,WAZ
4,DZH
4,AIW
4,YUA
4,IJU
4,EKK
4,UZB
4,ZBE
4,ZQU
4,VEK
4,WEH
4,LFG
4,WOZ
4,WUS
4,WYC
4,YAO
4,OWK
4,YVO
4,LLV
4,ZWI
4,YZI
4,NYH
4,UAE
4,GYL
4,RMB
4,KGR
4,OZL
4,WZI
4,EOI
4,YFR
4,AKW
4,UYO
4,LML
4,MPF
4,CHG
4,HGO
4,YEY
4,UBF
4,MSY
4,CCY
4,OEQ
4,GWH
4,WDF
4,MBY
4,PCA
4,RIR
4,OEA
4,MWI
4,GHY
4,IOX
4,MBF
4,YSF
4,XUB
4,XUD
4,YEG
4,FAZ
4,RMN
4,TFE
4,SYT
4,OXG
4,XGL
4,FOY
4,AIE
4,AXY
4,NKG
4,KGO
4,IPY
4,PEV
4,FWA
4,NDG
4,DPH
4,MSM
4,MDI
4,PBA
4,NNK
4,DYF
4,VAE
4,IDP
4,UKL
4,UUS
4,FSE
4,OXB
4,XYM
4,TYH
4,IGP
4,GPE
4,YSY
4,MEV
4,PRC
4,PWN
4,IOI
4,TCE
4,WMI
4,MIW
4,SUO
4,TSL
4,HYN
4,KIF
4,YSC
4,MDO
4,RTP
4,WBL
4,OYB
4,PGA
4,BCU
4,BSY
4,WTA
4,DPL
4,OMC
4,TYK
4,VIM
4,LWR
4,KFL
4,KPL
4,LWH
4,GKN
4,GCO
4,FTP
4,TVM
4,MDC
4,DCS
4,TYW
4,OVR
4,PSD
4,EAX
4,TDE
4,FTT
4,THV
4,HVE
4,YRC
4,FUB
4,LLK
4,EZM
4,GSC
4,OBH
4,WCR
4,BEP
4,LYV
4,FLD
4,ESR
4,WPR
4,HZE
4,PIH
4,ZEH
4,ABZ
4,BZE
4,CHZ
4,EAI
4,AZG
4,ZGA
4,IUD
3,MHE
3,MWA
3,RTK
3,WUL
3,LSM
3,GFO
3,TVA
3,HRS
3,TTN
3,HSS
3,CEZ
3,GDU
3,HUV
3,WPE
3,ULH
3,IEP
3,DOH
3,OPB
3,VNI
3,FDR
3,ZBU
3,LSW
3,RUY
3,UOF
3,HSB
3,MHU
3,PSB
3,IIA
3,HVA
3,HLS
3,OHH
3,OUY
3,AQI
3,QIS
3,ZUS
3,JID
3,KAE
3,IUN
3,KEC
3,KHY
3,KOB
3,SYG
3,WLO
3,SGE
3,AOC
3,GVI
3,YCR
3,OUZ
3,AUI
3,XWE
3,MEJ
3,ICM
3,NTP
3,MUP
3,ZII
3,WSW
3,YQU
3,NYE
3,OGD
3,LVY
3,IBW
3,UWO
3,PHP
3,MDA
3,LSU
3,TSF
3,EII
3,DAO
3,THK
3,TTW
3,DYA
3,MSF
3,UKY
3,ESF
3,EMT
3,KHI
3,SJA
3,KYP
3,UZY
3,SZI
3,KSW
3,AHH
3,WEZ
3,XMA
3,AHT
3,YAU
3,ZOE
3,ZUL
3,RDV
3,PEX
3,HDU
3,RMP
3,RMR
3,KAC
3,KDR
3,PTC
3,BIW
3,KGU
3,WUP
3,OBC
3,BWH
3,YGU
3,DYW
3,OKC
3,OUQ
3,OYH
3,EFC
3,WNO
3,KYB
3,UYI
3,ZZK
3,ZZW
3,LMN
3,MPG
3,OHY
3,LKB
3,EKB
3,PMU
3,GYW
3,UDB
3,CYX
3,EAE
3,FRR
3,NUU
3,LDV
3,WPU
3,XSW
3,NKC
3,CRC
3,AIQ
3,EEJ
3,SKT
3,OGC
3,WNC
3,XOL
3,ZLY
3,MBB
3,MBW
3,YEI
3,GGB
3,GGH
3,GGP
3,XIR
3,MPM
3,MBM
3,RPM
3,XEG
3,LMM
3,XAB
3,FJO
3,GPO
3,APJ
3,PJA
3,HGU
3,DGL
3,YBY
3,OIB
3,KSY
3,IMC
3,MCR
3,RLF
3,RLH
3,LUJ
3,DTA
3,ADQ
3,VYW
3,NDQ
3,TKE
3,YAE
3,BEX
3,KBL
3,JIF
3,MYI
3,HPU
3,AOK
3,TYD
3,LLJ
3,LJO
3,GRT
3,HLR
3,KRN
3,UDZ
3,BDA
3,AFY
3,ETD
3,AHJ
3,LTD
3,OEC
3,MUK
3,MYO
3,YOP
3,WSA
3,WSR
3,WTS
3,DDB
3,FBE
3,OKR
3,VRI
3,VUM
3,XBO
3,LSF
3,PAJ
3,PEJ
3,SIQ
3,PSQ
3,ETK
3,TKN
3,CYH
3,PGU
3,PYX
3,SPB
3,HSK
3,DSK
3,LTC
3,WDU
3,RZO
3,PTW
3,RFD
3,FDO
3,AYK
3,YKH
3,KHD
3,PYA
3,GNB
3,KII
3,KYC
3,PWE
3,PYH
3,IPK
3,SMR
3,MRG
3,FTB
3,GWR
3,DTR
3,PFA
3,UBG
3,BGR
3,BPL
3,BPR
3,UBW
3,ATP
3,WUM
3,YLP
3,AXP
3,TEQ
3,XTB
3,GHG
3,GHP
3,RUW
3,MBT
3,TOQ
3,SDU
3,DYT
3,RNK
3,DKA
3,VUV
3,VUZ
3,XWI
3,WEF
3,DPE
3,YOC
3,YTT
3,ZUC
3,ZYG
3,HTB
3,SMY
3,YYO
3,TXT
3,RTV
3,FSU
3,LFD
3,HPR
3,FEX
3,DNU
3,OFD
3,PHD
3,KFR
3,FIK
3,FWO
3,GSE
3,FMO
3,LTN
3,DYH
3,VDS
3,PIB
3,HSM
3,IVN
3,WTR
3,GBA
3,FBL
3,FCO
3,ORJ
3,FCH
3,HUJ
3,AGB
3,ZUZ
3,JEM
3,FDI
3,PHK
3,AMZ
3,JIP
3,EHD
3,ZUP
3,IKV
3,IZK
3,ZIH
3,YDD
2,MDS
2,LIY
2,IDJ
2,KIH
2,LCM
2,XEI
2,SAZ
2,NAX
2,NNM
2,KWR
2,HKH
2,SOK
2,TRK
2,GZE
2,AXU
2,XUM
2,YYU
2,YUB
2,ZTL
2,BBB
2,BMW
2,BSD
2,AEZ
2,AUH
2,BAX
2,AUJ
2,UJO
2,ECQ
2,RGM
2,IOZ
2,IGQ
2,GQU
2,IGF
2,MTO
2,IOK
2,KEK
2,EMF
2,TTV
2,OHR
2,TZM
2,ZHN
2,BRN
2,ONX
2,BRZ
2,UGZ
2,GZI
2,BUU
2,UUE
2,BYB
2,CVS
2,VSS
2,MRY
2,RLT
2,CAX
2,BUA
2,HNY
2,BCH
2,HIQ
2,NGQ
2,GQI
2,UKC
2,KSV
2,LOJ
2,OJU
2,AQS
2,PCI
2,LSV
2,RVU
2,SDB
2,OZU
2,CRS
2,UIK
2,CTH
2,CUV
2,UZC
2,ZCO
2,VAO
2,IJK
2,JKS
2,DGS
2,BCE
2,OVN
2,RZH
2,ECM
2,HRL
2,CSE
2,NIW
2,QUU
2,UUL
2,RHZ
2,HZY
2,EXX
2,XXO
2,YCK
2,DRS
2,FNM
2,FSF
2,HDS
2,FAJ
2,YNM
2,NNB
2,TZG
2,ZGE
2,TZR
2,FOK
2,JIW
2,TWN
2,ZZB
2,DSD
2,LBV
2,YSB
2,WRZ
2,RZT
2,ZTR
2,AZV
2,ZVA
2,IUL
2,DZI
2,DWY
2,TZK
2,ZKY
2,YKO
2,OSZ
2,UYR
2,GRN
2,GUG
2,UIY
2,UJR
2,JRA
2,FPO
2,UZM
2,GWY
2,SBC
2,LUY
2,UYT
2,SKJ
2,KJO
2,PTM
2,RFF
2,INZ
2,LMH
2,ZSP
2,ZEG
2,RZL
2,MML
2,DGK
2,UFE
2,USM
2,UYH
2,YHN
2,HNH
2,NHN
2,HNM
2,OVH
2,VHA
2,TSV
2,HUX
2,UXL
2,UYG
2,HYU
2,IEY
2,KHN
2,IQA
2,QAL
2,IQB
2,QBA
2,IZV
2,ZVE
2,JFK
2,OAQ
2,KFC
2,HLU
2,YKS
2,EOH
2,KAK
2,AUA
2,UFM
2,EOK
2,KHR
2,KHW
2,KIG
2,UYU
2,KNG
2,PFS
2,OXV
2,XVI
2,OIZ
2,KOJ
2,ORZ
2,RZY
2,YBS
2,KUH
2,UHN
2,KUI
2,UOM
2,TUZ
2,KIU
2,IUT
2,GJU
2,YRG
2,GYZ
2,YZS
2,ZST
2,KLN
2,LBJ
2,NZH
2,EEU
2,EUW
2,EHM
2,EIB
2,IPZ
2,PZI
2,EPK
2,EBF
2,BFR
2,IUO
2,NUX
2,PPM
2,SAJ
2,ISZ
2,SZT
2,BLJ
2,LJA
2,DZS
2,UVS
2,VOV
2,MGM
2,AHF
2,YSV
2,ZDA
2,MCB
2,CGE
2,MCP
2,CPH
2,MCQ
2,MCV
2,CVE
2,EJI
2,NUH
2,SOZ
2,KOY
2,WIY
2,MUB
2,MUJ
2,KOG
2,YSQ
2,QLS
2,MNC
2,GPU
2,AHY
2,AZC
2,ZCA
2,BUH
2,ZSC
2,OSF
2,OVG
2,VGO
2,OXZ
2,XZE
2,KUA
2,VUT
2,NYQ
2,OKH
2,JUW
2,MDU
2,OSG
2,OSV
2,UIJ
2,OXN
2,XNA
2,OXU
2,XYC
2,EOZ
2,JOM
2,NNZ
2,PEQ
2,IAF
2,YHY
2,EMK
2,MKI
2,GHK
2,RPC
2,POZ
2,VDA
2,PYM
2,PYN
2,PRT
2,QAD
2,QAN
2,QAT
2,QIQ
2,IQI
2,QIH
2,QOM
2,UAA
2,UAO
2,AOA
2,QUM
2,UMR
2,QUB
2,NUJ
2,MSA
2,DGR
2,EHN
2,HNQ
2,EYK
2,YKJ
2,BYN
2,AAG
2,NZW
2,ZWE
2,HSC
2,OXA
2,RUK
2,YDB
2,RYU
2,QLI
2,SVN
2,YUT
2,JEV
2,HRD
2,ULZ
2,LZS
2,YLK
2,RZK
2,ZKO
2,SEJ
2,ELJ
2,LZN
2,VUO
2,OYG
2,AZH
2,OPJ
2,PJE
2,SNY
2,NYD
2,OLZ
2,OYU
2,YUZ
2,TUY
2,UYV
2,NYV
2,SUW
2,SYD
2,SYK
2,SZE
2,SZY
2,SVR
2,AEJ
2,IYU
2,TAJ
2,JIK
2,YIK
2,NHS
2,TIJ
2,KTU
2,USV
2,OCQ
2,KUG
2,YNB
2,RUJ
2,GKH
2,UCS
2,TUV
2,UPJ
2,PJO
2,QUH
2,MQI
2,VBA
2,DUZ
2,NZU
2,VAZ
2,AZQ
2,LSQ
2,LZQ
2,YUI
2,LCK
2,VUI
2,DGW
2,HRM
2,WII
2,RSR
2,WOD
2,FGA
2,WUH
2,WYL
2,XAV
2,AOP
2,XUZ
2,HTZ
2,AHW
2,GTZ
2,YEK
2,WKN
2,EVT
2,VTU
2,YGG
2,GDR
2,YID
2,WPH
2,RKT
2,OZH
2,ZHY
2,YRH
2,ZEU
2,ZSI
2,ZYR
2,ZYU
2,ACN
2,OFN
2,QUS
2,AAI
2,KGA
2,TCI
2,TCY
2,GNL
2,IOF
2,KCU
2,WZY
2,OXW
2,AKP
2,EZY
2,SKL
2,KTE
2,SYW
2,UXO
2,XOM
2,SPN
2,CYA
2,ZYI
2,DUH
2,ECZ
2,GGN
2,XYI
2,LTF
2,AZP
2,NII
2,YPP
2,BUP
2,TLL
2,JIU
2,IUJ
2,DHP
2,PBL
2,AXN
2,XNE
2,EGW
2,RWU
2,UDN
2,HJO
2,AEV
2,YNY
2,TNT
2,DDN
2,XYA
2,PII
2,IXY
2,YRY
2,TGS
2,EVV
2,UMY
2,BOF
2,RII
2,FEK
2,RFY
2,KPR
2,KYI
2,FLS
2,IKY
2,AGF
2,YMY
2,DSY
2,KIY
2,WUN
2,EYV
2,UPK
2,UPM
2,VOD
2,TMY
2,EAY
2,RKC
2,PGL
2,RGC
2,STX
2,UCV
2,CVM
2,RGT
2,GTM
2,LFK
2,FKI
2,LSL
2,ISW
2,YEC
2,IVR
2,TII
2,YLD
2,WSD
2,LDG
2,YMD
2,SYO
2,RYF
2,APC
2,UDF
2,OOO
2,RVL
2,VLL
2,IDF
2,FSL
2,HTP
2,BYD
2,PSP
2,LII
2,TYY
2,YTU
2,LFY
2,BLD
2,PYD
2,CIQ
2,TLD
2,SVO
2,NSQ
2,GCL
2,WOH
2,PFE
2,TYV
2,PDF
2,VNO
2,OHU
2,GYO
2,DWH
2,VYT
2,YVI
2,FBR
2,KDF
2,SUU
2,HGR
2,WFE
2,TDW
2,CHV
2,PBI
2,FAP
2,UFR
2,CKV
2,FEH
2,LNH
2,CHK
2,UHE
2,EMR
2,RYH
2,IGB
2,OXL
2,XLI
2,VEJ
2,LDD
2,RPP
2,YAY
2,GCR
2,NMY
2,KLD
2,PLD
2,TUH
2,OII
2,DAA
2,GDI
2,IJE
2,OZB
2,ZBI
2,AHK
2,KEZ
2,IMZ
2,MZO
2,PHM
2,ZZU
2,ZIF
2,XSC
2,IDK
2,PHZ
2,AAP
2,MZI
2,KIJ
2,ABM
2,FSC
2,SYE
1,LHS
1,PRS
1,MWS
1,BPS
1,SDS
1,TKS
1,CDS
1,CLS
1,SFS
1,FRS
1,GDS
1,XOS
1,SZS
1,BCS
1,YTS
1,DNS
1,ZLS
1,HGS
1,NMS
1,HZS
1,BMS
1,FKS
1,FCS
1,MTS
1,KRS
1,BJS
1,ZTS
1,MHZ
1,RXS
1,MGS
1,NPS
1,MLS
1,HPS
1,PBS
1,PCS
1,TRS
1,DHS
1,SBS
1,TBS
1,OIP
1,ZHS
1,WMS
1,CCS
1,VLS
1,ZNS
1,ZRS
1,BII
1,TIW
1,NYP
1,QUD
1,UEO
1,VUN
1,AAE
1,EFB
1,FBU
1,NCM
1,BRR
1,LGY
1,BFE
1,MFY
1,PSF
1,XYE
1,CYI
1,WKY
1,EOE
1,OFY
1,DSF
1,ITD
1,JEJ
1,KHZ
1,XLY
1,FTM
1,FEF
1,IDM
1,MKA
1,WSF
1,SFL
1,NPH
1,FSI
1,PJS
1,LPY
1,EUI
1,DII
1,VVE
1,VOE
1,LZY
1,EXL
1,PWO
1,SOX
1,BCL
1,UBN
1,BSP
1,LCS
1,GSL
1,TTP
1,TPS
1,SWW
1,WWP
1,WPG
1,PGD
1,GDP
1,DPN
1,NRN
1,UHO
1,ESJ
1,AFB
1,UYB
1,WCL
1,MDY
1,WLW
1,UEQ
1,WLP
1,FCL
1,UDV
1,CDR
1,KSZ
1,ATX
1,NCN
1,MRC
1,RCN
1,XTC
1,TCS
1,EXG
1,XGU
1,BCD
1,CDI
1,ETV
1,FTF
1,HCD
1,UDP
1,EDV
1,ATD
1,PTT
1,FGR
1,SKC
1,EMH
1,MHR
1,RMG
1,OFG
1,FGO
1,NYF
1,OWV
1,WVO
1,FFT
1,LMT
1,SDN
1,DNG
1,FWR
1,ITX
1,SSV
1,DYR
1,FTC
1,XSH
1,UGD
1,TVE
1,FDA
1,CHQ
1,RRN
1,VYH
1,EXM
1,XME
1,KLL
1,HDF
1,OMG
1,RNJ
1,FSW
1,FEO
1,TUU
1,FYE
1,VEV
1,OFM
1,FMU
1,CXS
1,XSA
1,VYK
1,BSQ
1,NTT
1,DEY
1,PDV
1,DVD
1,LFN
1,YHU
1,SJE
1,DIQ
1,WTU
1,UKD
1,YEZ
1,EFD
1,FGL
1,VEU
1,WTI
1,XEQ
1,LSD
1,GNV
1,ZYE
1,SYH
1,RPQ
1,PQU
1,LDK
1,FPL
1,UYN
1,FME
1,KDB
1,EKT
1,UDT
1,VNL
1,XUE
1,MWH
1,HMY
1,MDW
1,RYV
1,IIE
1,RDG
1,XHE
1,OLQ
1,AKV
1,KVO
1,STV
1,GDF
1,WRL
1,YDU
1,HJU
1,BDR
1,UTJ
1,TJE
1,WGH
1,GJO
1,FSO
1,OPN
1,PNI
1,PYB
1,VDB
1,WKD
1,MFA
1,WDB
1,KDI
1,GSF
1,FOF
1,IZY
1,EPV
1,PVO
1,TSN
1,OAI
1,KDW
1,YNH
1,HFE
1,LTB
1,BYM
1,DYC
1,HTD
1,CYF
1,XBE
1,YEX
1,DUU
1,IEA
1,FFC
1,HWR
1,XSU
1,TRV
1,YIC
1,CLD
1,ZZD
1,YSG
1,RYR
1,HYW
1,GSM
1,VYG
1,FFW
1,WMY
1,VDU
1,YYE
1,IMV
1,WCH
1,AKM
1,KMY
1,FWH
1,TBY
1,HSW
1,DSR
1,WNM
1,FMI
1,DYO
1,BDS
1,UWI
1,ZYP
1,GJE
1,USJ
1,GKE
1,TGI
1,RPG
1,SBH
1,GEX
1,OTQ
1,TQU
1,LND
1,WWI
1,EEQ
1,FYA
1,HFL
1,UDC
1,HSP
1,ICW
1,CWH
1,PPN
1,HFR
1,BFA
1,GHV
1,UIQ
1,WWR
1,OFW
1,IXG
1,XGA
1,EFW
1,XWH
1,OZD
1,GSD
1,GYE
1,OUO
1,TSG
1,EGT
1,OYQ
1,LGD
1,RDD
1,DYP
1,YTR
1,VOX
1,DDC
1,COJ
1,ZLD
1,HOX
1,FYT
1,WDT
1,MYD
1,PWH
1,GLD
1,DTU
1,EPG
1,HJI
1,JIR
1,JEG
1,VOP
1,HHU
1,MZU
1,IZJ
1,ZJO
1,OZK
1,ZKA
1,MTA
1,KDE
1,AZN
1,ZNO
1,TOH
1,EZN
1,PUH
1,EKU
1,HZA
1,OHG
1,EUZ
1,EZL
1,MHI
1,ZBA
1,OEZ
1,VSH
1,HZO
1,ZLU
1,AZB
1,IZT
1,ZTH
1,JUC
1,KCR
1,KFE
1,WCI
1,EUO
